-- phpMyAdmin SQL Dump
-- version 5.2.2
-- https://www.phpmyadmin.net/
--
-- Host: localhost:3306
-- Generation Time: Feb 06, 2026 at 08:20 AM
-- Server version: 10.11.15-MariaDB-cll-lve
-- PHP Version: 8.4.17

SET SQL_MODE = "NO_AUTO_VALUE_ON_ZERO";
START TRANSACTION;
SET time_zone = "+00:00";


/*!40101 SET @OLD_CHARACTER_SET_CLIENT=@@CHARACTER_SET_CLIENT */;
/*!40101 SET @OLD_CHARACTER_SET_RESULTS=@@CHARACTER_SET_RESULTS */;
/*!40101 SET @OLD_COLLATION_CONNECTION=@@COLLATION_CONNECTION */;
/*!40101 SET NAMES utf8mb4 */;

--
-- Database: `eipr4542_eipsurvey`
--

-- --------------------------------------------------------

--
-- Table structure for table `answers`
--

CREATE TABLE `answers` (
  `id` int(11) NOT NULL,
  `response_id` int(11) NOT NULL,
  `question_id` int(11) NOT NULL,
  `value` text DEFAULT NULL
) ENGINE=InnoDB DEFAULT CHARSET=utf8mb4 COLLATE=utf8mb4_general_ci;

--
-- Dumping data for table `answers`
--

INSERT INTO `answers` (`id`, `response_id`, `question_id`, `value`) VALUES
(1, 9, 134, 'Ghinauf'),
(2, 9, 135, 'Kementerian Perindustrian'),
(3, 9, 136, '083867834469'),
(4, 9, 137, 'ghinauf@gmail.com'),
(5, 9, 138, 'Ya'),
(6, 9, 139, 'Sebagian data dipenuhi'),
(7, 9, 140, 'Pengisian Survei, Observasi, Wawancara'),
(8, 9, 141, 'Tidak'),
(9, 9, 142, ''),
(10, 9, 143, 'Efektif'),
(11, 9, 144, 'perusahaan kesulitan mengumpulkan data yang banyak'),
(12, 9, 145, 'Pusat Industri Hijau, BSKJI'),
(13, 9, 146, 'Proses Produksi,Produk,Manajemen Produksi,Pengelolaan Limbah,Bahan Kimia dan Bahan Tambahan,Pembentukan air limbah,Penghasilan Limbah Padat dan Berbahayan,Penghasilan pencemaran air dan atau udara,Pengelolaan Sampah,Emisi Gas Rumah Kaca,Kebijakan terkait kawasan hijau'),
(14, 9, 147, 'Produk,Pengelolaan Limbah'),
(15, 9, 148, 'Iya, sudah diberlakukan namun belum maksimal'),
(16, 9, 149, 'Iya, sudah diberlakukan namun belum maksimal'),
(17, 9, 150, 'Iya, sudah terlaksana'),
(18, 9, 151, 'Iya, sudah diberlakukan namun belum maksimal'),
(19, 9, 152, 'Belum terlaksana'),
(20, 9, 153, 'Tidak'),
(21, 9, 154, 'Tidak'),
(22, 9, 155, 'Iya'),
(23, 9, 156, 'Memadai'),
(24, 9, 157, 'Ya'),
(25, 9, 158, 'Tidak'),
(26, 9, 159, ''),
(27, 9, 160, 'Untuk hasil survei diolah menggunakan excel kemudian hasilnya dideskripsikan menggunakan analisis deskriptif. Untuk observasi dan hasil wawancara diolah menggunakan analisis kualitatif'),
(28, 9, 161, 'Tidak'),
(29, 9, 162, ''),
(30, 9, 163, 'Untuk analisis kebutuhan tenaga kerja hijau, analisis pengembangan industri hijau dan keberlanjutan'),
(31, 9, 164, 'Ya'),
(32, 9, 165, 'Ya'),
(33, 9, 166, 'Ya'),
(34, 9, 167, 'FGD, Asesmen online dengan menggunakan instrumen yang terstruktur'),
(35, 44, 92, 'Ijum junaedi '),
(36, 44, 93, '081285508273'),
(37, 44, 94, 'ijumjunaedi2@gmail.com'),
(38, 44, 95, 'Kiic'),
(39, 44, 96, '5'),
(40, 44, 2, 'Ya'),
(41, 44, 3, 'Pemerintah '),
(42, 44, 4, 'Ketenagakerjaan'),
(43, 44, 5, 'Industri '),
(44, 44, 6, 'Ya'),
(45, 44, 7, ''),
(46, 44, 97, 'Ketenagakerjaan'),
(47, 44, 98, 'Bersurat secara resmi ke perusahaan,Peminta data hanya boleh dari Pemerintah Pusat atau Pemerintah Daerah,Mengundang perusahaan secara langsung pada kegiatan pertemuan agar lebih jelas maksud data yang diminta,Datang langsung ke perusahaan untuk bertemu'),
(48, 44, 99, 'Bersurat '),
(49, 44, 100, 'Tidak'),
(50, 44, 101, ''),
(51, 44, 102, 'Perusahaan belum mengetahui terkait tujuan pengumpulan data'),
(52, 44, 103, ''),
(53, 44, 104, 'Tidak'),
(54, 44, 105, 'Tidak'),
(55, 44, 106, 'Tidak'),
(56, 44, 107, 'Tidak'),
(57, 44, 108, 'Tidak'),
(58, 44, 109, 'Tidak'),
(59, 44, 110, 'Tidak'),
(60, 44, 111, 'Tidak'),
(61, 44, 112, 'Tidak'),
(62, 44, 113, 'Ya'),
(63, 44, 114, 'Sangat memadai'),
(64, 44, 115, 'Ya'),
(65, 44, 116, ''),
(66, 44, 117, '20persen'),
(67, 44, 118, 'Tidak'),
(68, 44, 119, 'Tidak'),
(69, 44, 120, 'Tidak'),
(70, 44, 121, 'Tidak'),
(71, 44, 122, 'Tidak'),
(72, 44, 123, 'Tidak'),
(73, 44, 124, 'Semua data harus dilaporkan '),
(74, 44, 125, 'Tidak'),
(75, 44, 126, 'Tidak'),
(76, 44, 127, 'Belum ada'),
(77, 44, 128, 'Tidak'),
(78, 44, 129, 'Tidak'),
(79, 44, 130, 'Pemerintah Daerah'),
(80, 44, 131, 'Tidak'),
(81, 44, 132, 'Untuk bagaian pengawasan ketenagakerjaan propinsi Jawabarat danDLHKP dinas lingkungan hidup '),
(82, 44, 133, 'Iya'),
(83, 51, 134, 'Ibnu Aulia Hanif'),
(84, 51, 135, 'Disnakertrans Kab. Karawang'),
(85, 51, 136, '0895702460088'),
(86, 51, 137, 'pengantarkerjaibnu@gmail.com '),
(87, 51, 138, 'Ya'),
(88, 51, 139, 'Iya, dipenuhi semua data'),
(89, 51, 140, 'Dalam bidangketenagakerjaan, kami Disnakertrans Kab. Karawang melaksanakan kunjungan kerja ke perusahaan'),
(90, 51, 141, 'Ya'),
(91, 51, 142, 'Ada, memiliki webiste infoloker.karawangkab.go.id, aplikasi/website untuk memberikan layanan ketenagakerjaan salah satunya pencatatan pkwt, pemagangan dan rekrutmen tenaga kerja pkwt'),
(92, 51, 143, 'Sangat Efektif'),
(93, 51, 144, '-'),
(94, 51, 145, '-'),
(95, 51, 146, 'Ketenagakerjaan'),
(96, 51, 147, 'Ketenagakerjaan'),
(97, 51, 153, 'Ya'),
(98, 51, 154, 'Ya'),
(99, 51, 156, 'Memadai'),
(100, 51, 157, 'Ya'),
(101, 51, 159, '-'),
(102, 51, 160, '-'),
(103, 51, 162, '-'),
(104, 51, 163, '-'),
(105, 51, 164, 'Ya'),
(106, 51, 167, '-'),
(107, 45, 21, 'Shinta Anggelia'),
(108, 45, 22, '089517894313'),
(109, 45, 23, 'shinta.anggelia@kobelco.com'),
(110, 45, 24, 'PT Daya Kobelco Construction Machinery Indonesia'),
(111, 45, 25, 'Perdagangan Besar Mesin, Peralatan dan Perlengkapan Lainnya'),
(112, 45, 26, 'Ya'),
(113, 45, 28, 'Dinas Tenaga Kerja Wilayah 2'),
(114, 45, 32, 'Standar kompensasi dan tunjangan untuk posisi green job'),
(115, 45, 34, 'HRD'),
(116, 45, 35, 'Tidak'),
(117, 45, 36, ''),
(118, 45, 41, 'Total posisi di perusahaan anda yang saat ini secara eksplisit diklasifikasikan sebagai green job (misalnya spesialis circularity, auditor energi),Kompetensi dan Pelatihan  khusus terkait praktik berkelanjutan, efisiensi energi atau pengelolaan limbah untuk karyawan'),
(119, 45, 44, 'Bersurat secara resmi ke perusahaan'),
(120, 45, 45, '-'),
(121, 45, 47, 'Tidak'),
(122, 45, 48, ''),
(123, 45, 51, 'Adanya Kebijakan Perusahaan yang tidak mengizinkan untuk mempublikasi data'),
(124, 45, 52, ''),
(125, 45, 55, 'Tidak'),
(126, 45, 58, 'Tidak Memadai'),
(127, 45, 60, 'Ya'),
(128, 45, 61, 'Ya'),
(129, 45, 63, 'Ya'),
(130, 45, 65, '10%'),
(131, 45, 68, 'Tidak Berminat'),
(132, 45, 69, '0'),
(133, 45, 72, 'Kadang-Kadang'),
(134, 45, 75, 'Setara'),
(135, 45, 77, 'Ya'),
(136, 45, 78, 'Tidak'),
(137, 45, 79, 'Tidak'),
(138, 45, 80, ''),
(139, 45, 81, '-'),
(140, 45, 82, 'Tidak'),
(141, 45, 84, ''),
(142, 45, 87, 'Tidak ada (kami tidak menyediakan data EIP)'),
(143, 45, 89, 'Tidak'),
(144, 45, 90, 'Kesejahteraan, Jaminan Sosial, Peningkatan Kompetensi, dan Penurunan Risiko Kecelakaan dan Pencemaran Lingkungan'),
(145, 45, 91, 'Adanya keterbatasan kebijakan internal perusahaan'),
(146, 39, 92, 'SUSI RAHMAWATI'),
(147, 39, 93, '08129361647'),
(148, 39, 94, 'susi@mmid.co.id'),
(149, 39, 95, 'PT. MEGALOPOLIS MANUNGGAL INDUSTRIAL DEVELOPMENT '),
(150, 39, 96, '193'),
(151, 39, 2, 'Ya'),
(152, 39, 3, 'UNIDO'),
(153, 39, 4, 'Layanan Manajemen Kawasan,Pengelolaan Limbah,Konsumsi energi,Konsumsi air,Pengelolaan air limbah,Pengendalian pencemaran air dan atau udara,Emisi gas rumah kaca,Ketenagakerjaan,Sistem manajemen sosial,Pengelolaan limbah padat (sampah domestik),Infrastruktur sosial,Pelibatan masyarakat setempat'),
(154, 39, 5, 'HSE dan HRD'),
(155, 39, 6, 'Tidak'),
(156, 39, 7, ''),
(157, 39, 97, 'Pengelolaan limbah,Konsumsi energi,Konsumsi air,Pengelolaan air limbah,Pengendalian pencemaran air dan atau udara,Emisi gas rumah kaca,Ketenagakerjaan,Pengelolaan limbah padat (sampah domestik),Pengelolaan limbah padat non B3 (limbah padat industri),Pengelolaan limbah padat B3,Pelibatan masyarakat setempat'),
(158, 39, 98, 'Bersurat secara resmi ke perusahaan,Perlu ada sosialisasi terkait dengan tujuan permintaan data terlebih dahulu, termasuk pemanfaatan data yang dikumpulkan,Mengundang perusahaan secara langsung pada kegiatan pertemuan agar lebih jelas maksud data yang diminta'),
(159, 39, 99, '1. sosialisasi secara daring dan off line yang di awali dengan surat pengantar, informasi ttg data yang diperlukan dan utk apa.\r\n2. datang langsung ke perusahaan KI\r\n3. via telp/email disertai dengan surat pengantar '),
(160, 39, 100, 'Tidak'),
(161, 39, 101, ''),
(162, 39, 102, 'Data yang diminta tidak semuanya tersedia di perusahan,Adanya Kebijakan Perusahaan yang tidak mengizinkan untuk mempublikasi data,Perusahaan belum mengetahui terkait tujuan pengumpulan data,Perusahaan belum mengetahui data-data apa saja yang harus dikumpulkan,Belum adanya sosialisasi dari Pemerintah atau Pemerintah Data terkait perkumpulan data'),
(163, 39, 103, ''),
(164, 39, 104, 'Tidak'),
(165, 39, 105, 'Tidak'),
(166, 39, 106, 'Ya'),
(167, 39, 107, 'Ya'),
(168, 39, 108, 'Tidak'),
(169, 39, 109, 'Ya'),
(170, 39, 110, 'Ya'),
(171, 39, 111, 'Tidak'),
(172, 39, 112, 'Tidak'),
(173, 39, 113, 'Tidak'),
(174, 39, 114, 'Memadai'),
(175, 39, 115, 'Tidak'),
(176, 39, 116, ''),
(177, 39, 117, '5% - 10% untuk WWTP'),
(178, 39, 118, 'Ya'),
(179, 39, 119, 'Ya'),
(180, 39, 120, 'Ya'),
(181, 39, 121, 'Tidak'),
(182, 39, 122, 'Tidak'),
(183, 39, 123, 'Sebagian'),
(184, 39, 124, 'data keuangan '),
(185, 39, 125, 'Tidak'),
(186, 39, 126, 'kita tidak ada bagian khusus tapi ada tim yang menganalisa '),
(187, 39, 127, 'Melibatkan beberapa bagian di perusahaan '),
(188, 39, 128, 'Tidak'),
(189, 39, 129, ''),
(190, 39, 130, 'hanya untuk internal perusahaan'),
(191, 39, 131, 'Tidak'),
(192, 39, 132, 'untuk evaluasi kinerja perusahaan '),
(193, 39, 133, 'tidak semua paham konsep EIP dan data tidak lengkap '),
(194, 88, 9, 'Aang Gumelar Hardo'),
(195, 88, 10, '081113407163'),
(196, 88, 11, 'Aang.Gumelar.Hardo@nin.nokgrp.com'),
(197, 88, 12, 'PT NOK Indonesia'),
(198, 88, 13, 'Manufaktur Spare Part Otomotif'),
(199, 88, 14, 'Oil Seal, Gasket, Oring, Bush, dll'),
(200, 88, 15, 'Ya'),
(201, 88, 16, 'Kementrian Lingkungan Hidup'),
(202, 88, 17, 'Produk,Manajemen perusahaan,Pengelolaan limbah,Konsumsi energi,Konsumsi air,Pembentukan air limbah,Pengendalian pencemaran air dan atau udara,Pengelolaan sampah,Emisi gas rumah kaca,Kebijakan terkait kawasan hijau,Tanggung jawab sosial perusahaan,Audit internal dan tinjauan manajemen'),
(203, 88, 18, 'Safety, Health, & Environment'),
(204, 88, 19, 'Tidak'),
(205, 88, 20, ''),
(206, 88, 27, 'Produk,Manajemen perusahaan,Pengelolaan limbah,Konsumsi energi,Konsumsi air,Pembentukan air limbah,Pengendalian pencemaran air dan atau udara,Pengelolaan sampah,Emisi gas rumah kaca,Kebijakan terkait kawasan hijau,Tanggung jawab sosial perusahaan,Audit internal dan tinjauan manajemen'),
(207, 88, 29, 'Bersurat secara resmi ke perusahaan,Mengundang perusahaan secara langsung pada kegiatan pertemuan agar lebih jelas maksud data yang diminta'),
(208, 88, 30, 'SHE melakukan kolektif data dari PIC dari masing masing department'),
(209, 88, 31, 'Tidak'),
(210, 88, 33, ''),
(211, 88, 37, 'Data yang diminta tidak semuanya tersedia di perusahan,Adanya Kebijakan Perusahaan yang tidak mengizinkan untuk mempublikasi data,Belum adanya sosialisasi dari Pemerintah atau Pemerintah Data terkait perkumpulan data'),
(212, 88, 38, ''),
(213, 88, 39, 'Ya'),
(214, 88, 40, 'Ya'),
(215, 88, 42, 'Ya'),
(216, 88, 43, 'Ya'),
(217, 88, 46, 'Tidak'),
(218, 88, 49, 'Tidak'),
(219, 88, 50, 'Ya'),
(220, 88, 53, 'Tidak'),
(221, 88, 54, 'Tidak'),
(222, 88, 56, 'Ya'),
(223, 88, 57, 'Tidak'),
(224, 88, 59, 'Ya'),
(225, 88, 62, 'Ya'),
(226, 88, 64, 'Ya'),
(227, 88, 66, 'Ya'),
(228, 88, 67, 'Bahan baku dan bahan penolong, proses produksi karena bersifat confidential'),
(229, 88, 70, 'Tidak'),
(230, 88, 71, ''),
(231, 88, 73, 'Pemrosesan dan analisa data dilakukan secara manual oleh masing masing PIC'),
(232, 88, 74, 'Tidak'),
(233, 88, 76, ''),
(234, 88, 83, 'Hanya untuk internal perusahaan'),
(235, 88, 85, 'Tidak'),
(236, 88, 86, 'Data EIP dapat digunakan sebagai input perbaikan sehingga dapat meningkatkan efisiensi perusahaan'),
(237, 88, 88, 'Kurangnya pelatihan dalam pengolahan dan pemanfaatan data terkair EIP'),
(238, 89, 134, 'Rafael'),
(239, 89, 135, 'Kementerian Lingkungan Hidup / BPLH'),
(240, 89, 136, '085727149259'),
(241, 89, 137, 'azafianraf@gmail.com'),
(242, 89, 138, 'Ya'),
(243, 89, 139, 'Sebagian data dipenuhi'),
(244, 89, 140, 'Data pelaporan di submit melalui aplikasi SIMPEL'),
(245, 89, 141, 'Ya'),
(246, 89, 142, 'Aplikasi SIMPEL'),
(247, 89, 143, 'Sangat Efektif'),
(248, 89, 144, 'Keengganan perusahaan menyampaikan data pelaporan, meskipun sudah dilingkup dalam dokumen lingkungan bahkan dalam PP'),
(249, 89, 145, 'Deputi PPKL, Deputi PSLB3, Deputi TLSDAB'),
(250, 89, 146, 'Bahan Baku, Bahan Penolong dan Energi,Proses Produksi,Produk,Manajemen Produksi,Pengelolaan Limbah,Bahan Kimia dan Bahan Tambahan,Konsumsi Energi,Konsumsi Air,Pengelolaan air limbah,Penghasilan Limbah Padat dan Berbahayan,Penghasilan pencemaran air dan atau udara,Pengelolaan Sampah,Emisi Gas Rumah Kaca'),
(251, 89, 147, 'Bahan Baku, Bahan Penolong dan Energi,Proses Produksi,Produk,Manajemen Produksi,Pengelolaan Limbah,Konsumsi Energi,Konsumsi Air,Pengelolaan air limbah,Penghasilan Limbah Padat dan Berbahayan,Penghasilan pencemaran air dan atau udara,Pengelolaan Sampah'),
(252, 89, 148, 'Belum terlaksana'),
(253, 89, 149, 'Belum terlaksana'),
(254, 89, 150, 'Iya, sudah diberlakukan namun belum maksimal'),
(255, 89, 151, 'Iya, sudah diberlakukan namun belum maksimal'),
(256, 89, 152, 'Iya, sudah diberlakukan namun belum maksimal'),
(257, 89, 153, 'Tidak'),
(258, 89, 154, 'Tidak'),
(259, 89, 155, 'Iya'),
(260, 89, 156, 'Memadai'),
(261, 89, 157, 'Ya'),
(262, 89, 158, 'Ya'),
(263, 89, 159, 'Deputi PPKL, Deputi PSLB3, Deputi TLSDAB'),
(264, 89, 160, 'Salah satunya dievaluasi melalui program PROPER'),
(265, 89, 161, 'Ya'),
(266, 89, 162, 'SIMPEL'),
(267, 89, 163, 'Dievaluasi dalam rangka public disclosure terkait tingkat ketaatan '),
(268, 89, 164, 'Ya'),
(269, 89, 165, 'Ya'),
(270, 89, 166, 'Ya'),
(271, 89, 167, 'Harus menggunakan 1 data terintegrasi sehingga perusahaan tidak perlu input berulang kali'),
(272, 90, 134, 'Yayah Rodiana'),
(273, 90, 135, 'KLH'),
(274, 90, 136, '081317012827'),
(275, 90, 137, 'yrodianalhk@gmail.com'),
(276, 90, 138, 'Ya'),
(277, 90, 139, 'Sebagian data dipenuhi'),
(278, 90, 140, 'Melalui appikasi SPEED'),
(279, 90, 141, 'Ya'),
(280, 90, 142, 'SPEED'),
(281, 90, 143, 'Efektif'),
(282, 90, 144, 'Kurang terupdate'),
(283, 90, 145, 'Database'),
(284, 90, 146, 'Bahan Baku, Bahan Penolong dan Energi,Proses Produksi,Produk,Penghasilan Limbah Padat dan Berbahayan'),
(285, 90, 147, 'Bahan Baku, Bahan Penolong dan Energi,Proses Produksi,Produk,Penghasilan Limbah Padat dan Berbahayan'),
(286, 90, 148, 'Belum terlaksana'),
(287, 90, 149, 'Belum terlaksana'),
(288, 90, 150, 'Iya, sudah diberlakukan namun belum maksimal'),
(289, 90, 151, 'Belum terlaksana'),
(290, 90, 152, 'Belum terlaksana'),
(291, 90, 153, 'Ya'),
(292, 90, 154, 'Ya'),
(293, 90, 155, 'Iya'),
(294, 90, 156, 'Memadai'),
(295, 90, 157, 'Ya'),
(296, 90, 158, 'Tidak'),
(297, 90, 159, ''),
(298, 90, 160, 'Manual'),
(299, 90, 161, 'Tidak'),
(300, 90, 162, ''),
(301, 90, 163, 'Sirkuar ekonomi'),
(302, 90, 164, 'Tidak'),
(303, 90, 165, 'Tidak'),
(304, 90, 166, 'Tidak'),
(305, 90, 167, 'Ada 1 apliaksi untuk nasional'),
(306, 91, 134, 'Rusida Amalia, S.T'),
(307, 91, 135, 'Dinas Perindustrian dan Perdagangan Kab. Karawang'),
(308, 91, 136, '082111991628'),
(309, 91, 137, 'bid.industri.karawang@gmail.com'),
(310, 91, 138, 'Ya'),
(311, 91, 139, 'Sebagian data dipenuhi'),
(312, 91, 140, 'Menyampaikan surat permohonan data ke perusahaan melalui e-mail'),
(313, 91, 141, 'Ya'),
(314, 91, 142, 'SIINas '),
(315, 91, 143, 'Efektif'),
(316, 91, 144, 'Hambatannya perusahaan banyak yang belum mengisi data secara lengkap '),
(317, 91, 145, 'Bidang Industri'),
(318, 91, 146, 'Bahan Baku, Bahan Penolong dan Energi,Proses Produksi,Produk,Manajemen Produksi,Ketenagakerjaan'),
(319, 91, 147, 'Bahan Baku, Bahan Penolong dan Energi,Proses Produksi,Produk,Manajemen Produksi,Ketenagakerjaan'),
(320, 91, 148, 'Belum terlaksana'),
(321, 91, 149, 'Belum terlaksana'),
(322, 91, 150, 'Iya, sudah diberlakukan namun belum maksimal'),
(323, 91, 151, 'Belum terlaksana'),
(324, 91, 152, 'Belum terlaksana'),
(325, 91, 153, 'Tidak'),
(326, 91, 154, 'Tidak'),
(327, 91, 155, 'Tidak'),
(328, 91, 156, 'Memadai'),
(329, 91, 157, 'Tidak'),
(330, 91, 158, 'Tidak'),
(331, 91, 159, ''),
(332, 91, 160, 'Belum ada'),
(333, 91, 161, 'Tidak'),
(334, 91, 162, ''),
(335, 91, 163, 'Belum memiliki data EIP'),
(336, 91, 164, 'Tidak'),
(337, 91, 165, 'Tidak'),
(338, 91, 166, 'Tidak'),
(339, 91, 167, 'Menurut saya, menggunakan sistem pendataan digital terintegrasi dengan indikator EIP, dikombinasikan dengan survei daring dan verifikasi lapangan. Kolaborasi dengan pengelola kawasan dan instansi serta pembaruan data secara berkala.'),
(340, 92, 21, 'Mukhron Mardloni'),
(341, 92, 22, '089694791800'),
(342, 92, 23, 'mukhron.mardloni@nin.nokgrp.com'),
(343, 92, 24, 'PT NOK Indonesia'),
(344, 92, 25, 'Manufaktur komponen kendaraan'),
(345, 92, 26, 'Ya'),
(346, 92, 28, 'Pengawas ketenagakerjaan'),
(347, 92, 32, 'Kelayakan kerja yang dikategorikan green job'),
(348, 92, 34, 'Safety, Health dan Enviroment (SHE)'),
(349, 92, 35, 'Tidak'),
(350, 92, 36, ''),
(351, 92, 41, 'Total posisi di perusahaan anda yang saat ini secara eksplisit diklasifikasikan sebagai green job (misalnya spesialis circularity, auditor energi)'),
(352, 92, 44, 'Peminta data hanya boleh dari Pemerintah Pusat atau Pemerintah Daerah'),
(353, 92, 45, 'Datang langsung ke perusahaan'),
(354, 92, 47, 'Tidak'),
(355, 92, 48, ''),
(356, 92, 51, 'Perusahaan belum mengetahui terkait tujuan pengumpulan data,Belum adanya sosialisasi dari Pemerintah atau Pemerintah Data terkait perkumpulan data'),
(357, 92, 52, ''),
(358, 92, 55, 'Ya'),
(359, 92, 58, 'Memadai'),
(360, 92, 60, 'Ya'),
(361, 92, 61, 'Ya'),
(362, 92, 63, 'Ya'),
(363, 92, 65, '5'),
(364, 92, 68, 'Tidak Berminat'),
(365, 92, 69, '5'),
(366, 92, 72, 'Kadang-Kadang'),
(367, 92, 75, 'Setara'),
(368, 92, 77, 'Ya'),
(369, 92, 78, 'Ya'),
(370, 92, 79, 'Ya'),
(371, 92, 80, 'Safety, Health and Enviroment (SHE)'),
(372, 92, 81, 'Melakukan analisa secara bekala dari record harian'),
(373, 92, 82, 'Tidak'),
(374, 92, 84, ''),
(375, 92, 87, 'Pemerintah Pusat'),
(376, 92, 89, 'Ya'),
(377, 92, 90, 'Dimanfaatkan untuk menciptakan lingkungan kerja yang sehat, bersih dan aman untuk pekerja'),
(378, 92, 91, 'sudah optimal'),
(379, 93, 92, 'Arif Anata Virana Putra'),
(380, 93, 93, '082114567812'),
(381, 93, 94, 'Arif.putra@ccep.com'),
(382, 93, 95, 'MM2100'),
(383, 93, 96, '170 an'),
(384, 93, 2, 'Ya'),
(385, 93, 3, 'Dinas Lingkungan Hidup Kabupaten, Disnaker, Dinas Tata Kota Kabupaten, Kementrian Lingkungan Hidup'),
(386, 93, 4, 'Pengelolaan Limbah,Konsumsi energi,Konsumsi air,Pengelolaan air limbah,Penghasilan limbah padat dan berbahaya,Pengendalian pencemaran air dan atau udara,Emisi gas rumah kaca,Kebijakan terkait kawasan hijau,Ketenagakerjaan,Sistem manajemen sosial,Audit internal dan tinjauan manajemen,Pemantauan & manajemen risiko,Pengelolaan limbah padat (sampah domestik),Pengelolaan limbah padat non B3 (limbah padat industri),Pengelolaan limbah padat B3,Pelibatan masyarakat setempat,Penciptaan lapangan pekerjaan,Promosi bisnis lokal & UMKM,Pelaporan keuangan & tata kelola,Penciptaan nilai ekonomi'),
(387, 93, 5, 'Quality & Environmental System, PACS, People & Culture, Legal'),
(388, 93, 6, 'Tidak'),
(389, 93, 7, '-'),
(390, 93, 97, 'Konsumsi energi,Konsumsi air,Emisi gas rumah kaca,Strategi menghadapi perubahan iklim & lingkungan alam,Pelibatan masyarakat setempat'),
(391, 93, 98, 'Bersurat secara resmi ke perusahaan,Peminta data hanya boleh dari Pemerintah Pusat atau Pemerintah Daerah,Perlu ada sosialisasi terkait dengan tujuan permintaan data terlebih dahulu, termasuk pemanfaatan data yang dikumpulkan,Mengundang perusahaan secara langsung pada kegiatan pertemuan agar lebih jelas maksud data yang diminta,Datang langsung ke perusahaan untuk bertemu,Mengakses platform atau sumber data perusahaan yang sudah disediakan oleh perusahaan,Lainnya'),
(392, 93, 99, 'Kolabirasi antar bagian terkait'),
(393, 93, 100, 'Tidak'),
(394, 93, 101, '-'),
(395, 93, 102, 'Data yang diminta tidak semuanya tersedia di perusahan,Adanya Kebijakan Perusahaan yang tidak mengizinkan untuk mempublikasi data,Perusahaan belum mengetahui terkait tujuan pengumpulan data,Perusahaan belum mengetahui data-data apa saja yang harus dikumpulkan,Belum adanya sosialisasi dari Pemerintah atau Pemerintah Data terkait perkumpulan data,Belum adanya kebijakan atau program perusahaan terkait EIP'),
(396, 93, 103, '-'),
(397, 93, 104, 'Ya'),
(398, 93, 105, 'Tidak'),
(399, 93, 106, 'Tidak'),
(400, 93, 107, 'Tidak'),
(401, 93, 108, 'Ya'),
(402, 93, 109, 'Tidak'),
(403, 93, 110, 'Ya'),
(404, 93, 111, 'Ya'),
(405, 93, 112, 'Ya'),
(406, 93, 113, 'Tidak'),
(407, 93, 114, 'Memadai'),
(408, 93, 115, 'Ya'),
(409, 93, 116, '3% estimate per tahun'),
(410, 93, 117, 'Belum, in progress'),
(411, 93, 118, 'Ya'),
(412, 93, 119, 'Ya'),
(413, 93, 120, 'Tidak'),
(414, 93, 121, 'Tidak'),
(415, 93, 122, 'Ya'),
(416, 93, 123, 'Ya'),
(417, 93, 124, 'Budgeting ECO'),
(418, 93, 125, 'Ya'),
(419, 93, 126, 'Quality & Environmental System '),
(420, 93, 127, 'Dilakukan dengan verifikasi data untuk memastikan akurasi dan kebenaran data'),
(421, 93, 128, 'Tidak'),
(422, 93, 129, '-'),
(423, 93, 130, 'hanya untuk internal perusahaan'),
(424, 93, 131, 'Ya'),
(425, 93, 132, 'Untuk memperoleh insentive dari Pemerintah'),
(426, 93, 133, 'Pemahaman dan tujuan data terkait EIP dikumpulkan'),
(427, 94, 134, 'Ibnu A.H.'),
(428, 94, 135, 'Disnakertrans Kab. Karawang'),
(429, 94, 136, '082110911082'),
(430, 94, 137, 'ibnuauliahanif21@gmail.com'),
(431, 94, 138, 'Ya'),
(432, 94, 139, 'Iya, dipenuhi semua data'),
(433, 94, 140, 'Kunjungan langsung, bersurat maupun melalui wa'),
(434, 94, 141, 'Ya'),
(435, 94, 142, 'Disnakertrans Kab. Karawang mempunyai aplikasi berbasis web infoloker.karawangkab.go.id untuk publikasi loker dan pencatatan pkwt'),
(436, 94, 143, 'Sangat Efektif'),
(437, 94, 144, 'Beberapa mitra ada yang langsung respon dan ada juga yang sedikit lama serta harus difollow up terus'),
(438, 94, 145, 'Bidang penempatan tenaga kerja'),
(439, 94, 146, 'Ketenagakerjaan'),
(440, 94, 147, 'Ketenagakerjaan'),
(441, 94, 153, 'Tidak'),
(442, 94, 154, 'Ya'),
(443, 94, 156, 'Memadai'),
(444, 94, 157, 'Ya'),
(445, 94, 159, ''),
(446, 94, 160, '-'),
(447, 94, 162, ''),
(448, 94, 163, '-'),
(449, 94, 164, 'Ya'),
(450, 94, 166, 'Ya'),
(451, 94, 167, 'Form yang efektif dan tidak membebani waktu kepada pengelola atau tenant'),
(452, 95, 9, 'Shinta Anggelia'),
(453, 95, 10, '089517894313'),
(454, 95, 11, 'shinta.anggelia@kobelco.com'),
(455, 95, 12, 'PT Daya Kobelco Construction Machinery Indonesia'),
(456, 95, 13, 'Perdagangan Besar Mesin, Peralatan dan Perlengkapan Lainnya'),
(457, 95, 14, 'Trading Excavator & Crane'),
(458, 95, 15, 'Ya'),
(459, 95, 16, 'Dinas Tenaga Kerja Wilayah 2'),
(460, 95, 17, 'Ketenagakerjaan'),
(461, 95, 18, 'HRD'),
(462, 95, 19, 'Tidak'),
(463, 95, 20, ''),
(464, 95, 27, 'Ketenagakerjaan'),
(465, 95, 29, 'Bersurat secara resmi ke perusahaan'),
(466, 95, 30, 'Belum ada EIP'),
(467, 95, 31, 'Tidak'),
(468, 95, 33, ''),
(469, 95, 37, 'Adanya Kebijakan Perusahaan yang tidak mengizinkan untuk mempublikasi data,Perusahaan belum mengetahui terkait tujuan pengumpulan data,Perusahaan belum mengetahui data-data apa saja yang harus dikumpulkan,Belum adanya sosialisasi dari Pemerintah atau Pemerintah Data terkait perkumpulan data'),
(470, 95, 38, ''),
(471, 95, 39, 'Tidak'),
(472, 95, 40, 'Ya'),
(473, 95, 42, 'Ya'),
(474, 95, 43, 'Tidak'),
(475, 95, 46, 'Tidak'),
(476, 95, 49, 'Tidak'),
(477, 95, 50, 'Tidak'),
(478, 95, 53, 'Tidak'),
(479, 95, 54, 'Tidak'),
(480, 95, 56, 'Ya'),
(481, 95, 57, 'Tidak'),
(482, 95, 59, 'Ya'),
(483, 95, 62, 'Ya'),
(484, 95, 64, 'Tidak'),
(485, 95, 66, 'Ya'),
(486, 95, 67, 'Kompensasi dan benefits'),
(487, 95, 70, 'Tidak'),
(488, 95, 71, ''),
(489, 95, 73, 'Melalui surat resmi ke perusahaan kami yang telah disetujui oleh Management'),
(490, 95, 74, 'Tidak'),
(491, 95, 76, ''),
(492, 95, 83, 'Tidak ada (kami tidak menyediakan data EIP)'),
(493, 95, 85, 'Tidak'),
(494, 95, 86, 'Kesejahteraan, Jaminan Sosial, Peningkatan Kompetensi, dan Penurunan Risiko Kecelakaan dan Pencemaran Lingkungan'),
(495, 95, 88, 'Adanya keterbatasan kebijakan internal perusahaan'),
(496, 96, 92, 'M.sahri pauzi'),
(497, 96, 93, '085692249448'),
(498, 96, 94, 'hrd@sanwa-indonesia.co.id'),
(499, 96, 95, 'kawasan industri MM2100'),
(500, 96, 96, '1'),
(501, 96, 2, 'Ya'),
(502, 96, 3, 'dinas ketenagakerjaan,dinas lingkungan dan kawasan industri '),
(503, 96, 4, 'Layanan Manajemen Kawasan,Pengelolaan Limbah,Emisi gas rumah kaca,Ketenagakerjaan,Penciptaan lapangan pekerjaan'),
(504, 96, 5, 'Dept. HRD dan GA'),
(505, 96, 6, 'Tidak'),
(506, 96, 7, ''),
(507, 96, 97, 'Sistem manajemen sosial,Pelibatan masyarakat setempat,Penciptaan lapangan pekerjaan'),
(508, 96, 98, 'Bersurat secara resmi ke perusahaan'),
(509, 96, 99, 'pengisian melalui link survey '),
(510, 96, 100, 'Tidak'),
(511, 96, 101, ''),
(512, 96, 102, 'Adanya Kebijakan Perusahaan yang tidak mengizinkan untuk mempublikasi data,Perusahaan belum mengetahui terkait tujuan pengumpulan data'),
(513, 96, 103, ''),
(514, 96, 104, 'Tidak'),
(515, 96, 105, 'Tidak'),
(516, 96, 106, 'Ya'),
(517, 96, 107, 'Tidak'),
(518, 96, 108, 'Tidak'),
(519, 96, 109, 'Tidak'),
(520, 96, 110, 'Ya'),
(521, 96, 111, 'Tidak'),
(522, 96, 112, 'Tidak'),
(523, 96, 113, 'Tidak'),
(524, 96, 114, 'Kurang memadai'),
(525, 96, 115, 'Tidak'),
(526, 96, 116, ''),
(527, 96, 117, '10%'),
(528, 96, 118, 'Tidak'),
(529, 96, 119, 'Ya'),
(530, 96, 120, 'Tidak'),
(531, 96, 121, 'Tidak'),
(532, 96, 122, 'Ya'),
(533, 96, 123, 'Sebagian'),
(534, 96, 124, 'yang bersifat confidential'),
(535, 96, 125, 'Tidak'),
(536, 96, 126, ''),
(537, 96, 127, 'koletif data sesuai kebutuhan'),
(538, 96, 128, 'Tidak'),
(539, 96, 129, ''),
(540, 96, 130, 'hanya untuk internal perusahaan'),
(541, 96, 131, 'Tidak'),
(542, 96, 132, 'sesaui persetujuan awal sebelum, peningkatan SDM dan Lingkungan'),
(543, 96, 133, 'ketidak pahaman tujuan dari EIP tersendiri dan minimnnya sosialisasi'),
(544, 97, 9, 'Lukman Hakim A'),
(545, 97, 10, '081119239214'),
(546, 97, 11, 'lukman@usc-indonesia.co.id'),
(547, 97, 12, 'PT. United Steel Center Indonesia'),
(548, 97, 13, 'Manufacture'),
(549, 97, 14, 'Jasa Potong Baja (Coil Center)'),
(550, 97, 15, 'Ya'),
(551, 97, 16, 'KLH & Perindag'),
(552, 97, 17, 'Bahan baku, bahan penolong dan energi,Proses produksi,Produk,Pengelolaan limbah,Konsumsi energi,Penghasilan limbah padat dan berbahaya,Pengendalian pencemaran air dan atau udara,Pengelolaan sampah,Emisi gas rumah kaca,Ketenagakerjaan,Audit internal dan tinjauan manajemen'),
(553, 97, 18, 'Produksi, General Affairs & HSE'),
(554, 97, 19, 'Tidak'),
(555, 97, 20, ''),
(556, 97, 27, 'Bahan baku, bahan penolong dan energi,Proses produksi,Pengelolaan limbah,Konsumsi energi,Pengendalian pencemaran air dan atau udara,Pengelolaan sampah,Emisi gas rumah kaca,Ketenagakerjaan,Audit internal dan tinjauan manajemen'),
(557, 97, 29, 'Bersurat secara resmi ke perusahaan,Peminta data hanya boleh dari Pemerintah Pusat atau Pemerintah Daerah,Mengundang perusahaan secara langsung pada kegiatan pertemuan agar lebih jelas maksud data yang diminta,Data langsung ke perusahaan untuk bertemu'),
(558, 97, 30, 'Audit internal atau eksternal, Verifikasi lapangan dll'),
(559, 97, 31, 'Tidak'),
(560, 97, 33, ''),
(561, 97, 37, 'Data yang diminta tidak semuanya tersedia di perusahan,Adanya Kebijakan Perusahaan yang tidak mengizinkan untuk mempublikasi data,Perusahaan belum mengetahui terkait tujuan pengumpulan data,Belum adanya sosialisasi dari Pemerintah atau Pemerintah Data terkait perkumpulan data'),
(562, 97, 38, ''),
(563, 97, 39, 'Ya'),
(564, 97, 40, 'Ya'),
(565, 97, 42, 'Ya'),
(566, 97, 43, 'Ya'),
(567, 97, 46, 'Ya'),
(568, 97, 49, 'Tidak'),
(569, 97, 50, 'Ya'),
(570, 97, 53, 'Ya'),
(571, 97, 54, 'Tidak'),
(572, 97, 56, 'Ya'),
(573, 97, 57, 'Ya'),
(574, 97, 59, 'Ya'),
(575, 97, 62, 'Ya'),
(576, 97, 64, 'Ya'),
(577, 97, 66, 'Ya'),
(578, 97, 67, 'Data Keuangan, legal dan Prosedur'),
(579, 97, 70, 'Tidak'),
(580, 97, 71, ''),
(581, 97, 73, 'membandingkan dari tahun ke tahun sebelumnya'),
(582, 97, 74, 'Tidak'),
(583, 97, 76, ''),
(584, 97, 83, 'Mitra perusahaan'),
(585, 97, 85, 'Tidak'),
(586, 97, 86, 'Efisiensi dan menjadikan produk yang ramah lingkungan'),
(587, 97, 88, 'sosialisasi, biaya yang timbul serta tidak adanya PIC khusus yang menghandle EIP'),
(588, 98, 92, 'Noval Musthofa Noor'),
(589, 98, 93, '082111705848'),
(590, 98, 94, 'ptmhr@id.maxxis.com'),
(591, 98, 95, 'PT Maxxis International Indonesia'),
(592, 98, 96, '-'),
(593, 98, 2, 'Ya'),
(594, 98, 3, 'Dinas Ketenagakerjaan Kabupaten Bekasi'),
(595, 98, 4, 'Ketenagakerjaan'),
(596, 98, 5, 'Dinas Ketenagakerjaan'),
(597, 98, 6, 'Tidak'),
(598, 98, 7, ''),
(599, 98, 97, 'Ketenagakerjaan'),
(600, 98, 98, 'Bersurat secara resmi ke perusahaan,Peminta data hanya boleh dari Pemerintah Pusat atau Pemerintah Daerah,Perlu ada sosialisasi terkait dengan tujuan permintaan data terlebih dahulu, termasuk pemanfaatan data yang dikumpulkan,Mengundang perusahaan secara langsung pada kegiatan pertemuan agar lebih jelas maksud data yang diminta,Datang langsung ke perusahaan untuk bertemu'),
(601, 98, 99, 'Belum pernah ada pengumpulan data terkait EIP'),
(602, 98, 100, 'Tidak'),
(603, 98, 101, ''),
(604, 98, 102, 'Perusahaan belum mengetahui terkait tujuan pengumpulan data,Perusahaan belum mengetahui data-data apa saja yang harus dikumpulkan,Belum adanya sosialisasi dari Pemerintah atau Pemerintah Data terkait perkumpulan data'),
(605, 98, 103, ''),
(606, 98, 104, 'Ya'),
(607, 98, 105, 'Tidak'),
(608, 98, 106, 'Ya'),
(609, 98, 107, 'Tidak'),
(610, 98, 108, 'Tidak'),
(611, 98, 109, 'Tidak'),
(612, 98, 110, 'Ya'),
(613, 98, 111, 'Tidak'),
(614, 98, 112, 'Tidak'),
(615, 98, 113, 'Ya'),
(616, 98, 114, 'Memadai'),
(617, 98, 115, 'Tidak'),
(618, 98, 116, ''),
(619, 98, 117, '-'),
(620, 98, 118, 'Ya'),
(621, 98, 119, 'Tidak'),
(622, 98, 120, 'Ya'),
(623, 98, 121, 'Tidak'),
(624, 98, 122, 'Ya'),
(625, 98, 123, 'Ya'),
(626, 98, 124, 'Tidak ada'),
(627, 98, 125, 'Tidak'),
(628, 98, 126, ''),
(629, 98, 127, '-'),
(630, 98, 128, 'Tidak'),
(631, 98, 129, ''),
(632, 98, 130, 'hanya untuk internal perusahaan'),
(633, 98, 131, 'Tidak'),
(634, 98, 132, 'Untuk program berkelanjutan yang menguntungkan antar pihak'),
(635, 98, 133, 'Kurangnya sosialisasi dan penjelasan terkait EIP');

-- --------------------------------------------------------

--
-- Table structure for table `questions`
--

CREATE TABLE `questions` (
  `id` int(11) NOT NULL,
  `survey_id` int(11) NOT NULL,
  `type` varchar(50) NOT NULL,
  `label` text NOT NULL,
  `meta` text DEFAULT NULL,
  `position` int(11) DEFAULT 0
) ENGINE=InnoDB DEFAULT CHARSET=utf8mb4 COLLATE=utf8mb4_general_ci;

--
-- Dumping data for table `questions`
--

INSERT INTO `questions` (`id`, `survey_id`, `type`, `label`, `meta`, `position`) VALUES
(2, 3, 'radio', 'Apakah perusahaan anda pernah dimintakan data terkait oleh pemerintah atau instansi tertentu?', '{\"required\":true,\"options\":[\"Ya\",\"Tidak\"]}', 6),
(3, 3, 'text', 'Jika pernah, siapa yang membutuhkan data tesebut?', '{}', 7),
(4, 3, 'checkbox', ' Apa saja jenis data yang mereka minta? Jawaban boleh lebih dari satu', '{\"required\":true,\"options\":[\"Layanan Manajemen Kawasan\",\"Pengelolaan Limbah\",\"Konsumsi energi\",\"Konsumsi air\",\"Pengelolaan air limbah\",\"Penghasilan limbah padat dan berbahaya\",\"Pengendalian pencemaran air dan atau udara\",\"Emisi gas rumah kaca\",\"Kebijakan terkait kawasan hijau\",\"Perencanaan strategis\",\"Ketenagakerjaan\",\"Sistem manajemen sosial\",\"Audit internal dan tinjauan manajemen\",\"Pemantauan & manajemen risiko\",\"Pengelolaan limbah padat (sampah domestik)\",\"Pengelolaan limbah padat non B3 (limbah padat industri)\",\"Pengelolaan limbah padat B3\",\"Strategi menghadapi perubahan iklim & lingkungan alam\",\"Infrastruktur sosial\",\"Pelibatan masyarakat setempat\",\"Penciptaan lapangan pekerjaan\",\"Promosi bisnis lokal & UMKM\",\"Pelaporan keuangan & tata kelola\",\"Penciptaan nilai ekonomi\"]}', 8),
(5, 3, 'text', 'Siapa / bagian mana dari perusahaan anda yang bertugas menyediakan data tersebut?', '{\"required\":true}', 9),
(6, 3, 'radio', 'Apakah anda keberatan dalam menyediakan data dan informasi terkait data-data yang disebutkan di atas?', '{\"required\":true,\"options\":[\"Ya\",\"Tidak\"]}', 10),
(7, 3, 'textarea', 'Jika ya, apa penyebabnya? Jika tidak silahkan lanjut ke pertanyaan selanjutnya', '{}', 11),
(9, 5, 'text', 'Nama Responden (Pencantuman nama dan identitas dalam survey ini hanya untuk memudahkan kami dalam\nmengkonfirmasi jawaban survey yang diberikan serta meminta informasi lebih lanjut)', '{\"required\":true}', 1),
(10, 5, 'text', 'Nomor Kontak', '{\"required\":true}', 2),
(11, 5, 'text', 'Alamat Email', '{\"required\":true}', 3),
(12, 5, 'text', 'Nama Perusahaan', '{\"required\":true}', 4),
(13, 5, 'text', 'Jenis Perusahaan', '{\"required\":true}', 5),
(14, 5, 'text', 'Produk yang Dihasilkan', '{\"required\":true}', 6),
(15, 5, 'radio', 'Apakah perusahaan anda pernah dimintakan data terkait oleh pemerintah atau instansi tertentu? ', '{\"required\":true,\"options\":[\"Ya\",\"Tidak\"]}', 7),
(16, 5, 'text', 'Jika pernah, siapa yang membutuhkan data tersebut? Jika tidak, silahkan lanjut pertanyaan selanjutnya', '{}', 8),
(17, 5, 'checkbox', 'Apa saja jenis data yang mereka minta? (Jawaban boleh lebih dari satu)', '{\"required\":true,\"options\":[\"Bahan baku, bahan penolong dan energi\",\"Proses produksi\",\"Produk\",\"Manajemen perusahaan\",\"Pengelolaan limbah\",\"Bahan kimia dan bahan tambahan\",\"Konsumsi energi\",\"Konsumsi air\",\"Pembentukan air limbah\",\"Penghasilan limbah padat dan berbahaya\",\"Pengendalian pencemaran air dan atau udara\",\"Pengelolaan sampah\",\"Emisi gas rumah kaca\",\"Kebijakan terkait kawasan hijau\",\"Perencanaan strategis\",\"Ketenagakerjaan\",\"Tanggung jawab sosial perusahaan\",\"Audit internal dan tinjauan manajemen\"]}', 9),
(18, 5, 'text', 'Siapa / bagian mana dari perusahaan anda yang bertugas menyediakan data tersebut? ', '{\"required\":true}', 10),
(19, 5, 'radio', 'Apakah anda keberatan dalam menyediakan data dan informasi terkait data-data yang disebutkan di atas? ', '{\"required\":true,\"options\":[\"Ya\",\"Tidak\"]}', 11),
(20, 5, 'text', 'Jika ya, apa penyebabnya? Jika tidak silahkan lanjut ke pertanyaan selanjutnya', '{}', 12),
(21, 6, 'text', 'Nama Responden (Pencantuman nama  dan identitas dalam survey ini hanya untuk memudahkan kami dalam mengkonfirmasi jawaban survey yang diberikan serta meminta informasi lebih lanjut)', '{\"required\":true}', 1),
(22, 6, 'text', 'Nomor Kontak', '{\"required\":true}', 2),
(23, 6, 'text', 'Alamat Email', '{\"required\":true}', 3),
(24, 6, 'text', ' Nama Perusahaan', '{\"required\":true}', 4),
(25, 6, 'text', 'Jenis Perusahaan', '{\"required\":true}', 5),
(26, 6, 'radio', 'Apakah perusahaan anda pernah dimintakan data terkait oleh pemerintah atau instansi tertentu? ', '{\"required\":true,\"options\":[\"Ya\",\"Tidak\"]}', 6),
(27, 5, 'checkbox', 'Menurut anda, dari jenis data berikut, mana saja yang dapat disediakan dan dipublikasikan oleh perusahaan? (Jawaban\nboleh lebih dari satu)', '{\"required\":true,\"options\":[\"Bahan baku, bahan penolong dan energi\",\"Proses produksi\",\"Produk\",\"Manajemen perusahaan\",\"Pengelolaan limbah\",\"Bahan kimia dan bahan tambahan\",\"Konsumsi energi\",\"Konsumsi air\",\"Pembentukan air limbah\",\"Penghasilan limbah padat dan berbahaya\",\"Pengendalian pencemaran air dan atau udara\",\"Pengelolaan sampah\",\"Emisi gas rumah kaca\",\"Kebijakan terkait kawasan hijau\",\"Perencanaan strategis\",\"Ketenagakerjaan\",\"Tanggung jawab sosial perusahaan\",\"Audit internal dan tinjauan manajemen\"]}', 13),
(28, 6, 'text', ' Jika pernah, siapa yang membutuhkan data tesebut? Jika tidak silahkan lanjut ke pertanyaan berikutnya', '{}', 7),
(29, 5, 'checkbox', 'Menurut anda, apa hal yang paling penting dilakukan oleh si peminta data agar perusahaan dapat menyediakan data\nterkait dengan EIP? (Jawaban boleh lebih dari satu)', '{\"required\":true,\"options\":[\"Bersurat secara resmi ke perusahaan\",\"Peminta data hanya boleh dari Pemerintah Pusat atau Pemerintah Daerah\",\"Perlu ada sosialisasi terkait dengan tujuan permintaan data terlebih dahulu, termasuk pemanfaatan data yang dikumpulkan\",\"Mengundang perusahaan secara langsung pada kegiatan pertemuan agar lebih jelas maksud data yang diminta\",\"Data langsung ke perusahaan untuk bertemu\",\"Mengakses platform atau sumber data perusahaan yang sudah disediakan oleh perusahaan\",\"Lainnya\"]}', 14),
(30, 5, 'textarea', 'Bagaimana proses pengumpulan data terkait EIP selama ini dilakukan di perusahaan anda? Jelaskan!', '{\"required\":true}', 15),
(31, 5, 'radio', 'Apakah anda memiliki platform/kanal/tools khusus untuk pengumpulan data?', '{\"required\":true,\"options\":[\"Ya\",\"Tidak\"]}', 16),
(32, 6, 'checkbox', 'Apa saja jenis data yang mereka minta terkait manajemen SDM? Jawaban boleh lebih dari satu', '{\"required\":true,\"options\":[\"Total posisi di perusahaan anda yang saat ini secara eksplisit diklasifikasikan sebagai green job (misalnya spesialis circularity, auditor energi)\",\"Kompetensi dan Pelatihan  khusus terkait praktik berkelanjutan, efisiensi energi atau pengelolaan limbah untuk karyawan\",\"Kelayakan kerja yang dikategorikan green job\",\"Dampak penerapan praktik hijau terhadap kesehatan dan keselamatan kerja karyawan\",\"Minat karyawan untuk mengambil peran atau posisi baru yang fokus pada keberlanjutan/lingkungan?\",\"Persentase perkiraan pekerjaan baru yang diciptakan dalam tiga tahun terakhir yang temasuk green job\",\"Standar kompensasi dan tunjangan untuk posisi green job\",\"Program CSR yang melibatkan peningkatan kesejahteraan dan penyerapan tenaga kerja lokal\"]}', 8),
(33, 5, 'text', 'Jika ada, mohon sebutkan. Jika tidak silahkan ke nomor selanjutnya', '{}', 17),
(34, 6, 'text', 'Siapa / bagian mana dari perusahaan anda yang bertugas menyediakan data tersebut?', '{\"required\":true}', 9),
(35, 6, 'radio', 'Apakah anda keberatan dalam menyediakan data dan informasi terkait data-data yang disebutkan di atas?', '{\"required\":true,\"options\":[\"Ya\",\"Tidak\"]}', 10),
(36, 6, 'text', 'Jika ya, apa penyebabnya? Jika tidak silahkan lanjut ke pertanyaan selanjutnya', '{}', 11),
(37, 5, 'checkbox', 'Menurut anda apa yang menjadi hambatan bagi perusahaan dalam mengumpulkan data terkait EIP? Jawaban boleh dari\nsatu', '{\"required\":true,\"options\":[\"Data yang diminta tidak semuanya tersedia di perusahan\",\"Adanya Kebijakan Perusahaan yang tidak mengizinkan untuk mempublikasi data\",\"Perusahaan belum mengetahui terkait tujuan pengumpulan data\",\"Perusahaan belum mengetahui data-data apa saja yang harus dikumpulkan\",\"Belum adanya sosialisasi dari Pemerintah atau Pemerintah Data terkait perkumpulan data\",\"Belum adanya kebijakan atau program perusahaan terkait EIP\"]}', 18),
(38, 5, 'text', 'Jika ada hambatan lainnya, silahkan sebutkan di kolom ini', '{}', 19),
(39, 5, 'radio', 'Apakah perusahaan Anda memiliki kebijakan resmi/SOP yang mewajibkan efisiensi sumber daya (energi, air) di atas\nkepatuhan regulasi minimum? ', '{\"required\":true,\"options\":[\"Ya\",\"Tidak\"]}', 20),
(40, 5, 'radio', 'Apakah perusahaan pernah berpartisipasi dalam pertemuan atau forum kolaborasi yang diadakan oleh pengelola kawasan?', '{\"required\":true,\"options\":[\"Ya\",\"Tidak\"]}', 21),
(41, 6, 'checkbox', ' Mana saja dari data berikut, yang bisa disediakan/ dipublish oleh perusahaan anda?', '{\"required\":true,\"options\":[\"Total posisi di perusahaan anda yang saat ini secara eksplisit diklasifikasikan sebagai green job (misalnya spesialis circularity, auditor energi)\",\"Kompetensi dan Pelatihan  khusus terkait praktik berkelanjutan, efisiensi energi atau pengelolaan limbah untuk karyawan\",\"Kelayakan kerja yang dikategorikan green job\",\"Dampak penerapan praktik hijau terhadap kesehatan dan keselamatan kerja karyawan\",\"Minat karyawan untuk mengambil peran atau posisi baru yang fokus pada keberlanjutan/lingkungan?\",\"Persentase perkiraan pekerjaan baru yang diciptakan dalam tiga tahun terakhir yang temasuk green job\",\"Standar kompensasi dan tunjangan untuk posisi green job\",\"Program CSR yang melibatkan peningkatan kesejahteraan dan penyerapan tenaga kerja lokal\"]}', 12),
(42, 5, 'radio', 'Apakah perusahaan anda bersedia menyediakan data konsumsi energi/air dan limbah yang dibutuhkan untuk penilaian EIP?', '{\"required\":true,\"options\":[\"Ya\",\"Tidak\"]}', 22),
(43, 5, 'radio', 'Apakah perusahan anda menyediakan informasi terkait persentase penurunan intensitas energi perusahaan anda dalam 3 tahun terakhir?', '{\"required\":true,\"options\":[\"Ya\",\"Tidak\"]}', 23),
(44, 6, 'checkbox', 'Menurut anda, apa hal yang paling penting dilakukan oleh si peminta data agar perusahaan dapat menyediakan data terkait dengan EIP? Jawaban boleh lebih dari satu', '{\"required\":true,\"options\":[\"Bersurat secara resmi ke perusahaan\",\"Peminta data hanya boleh dari Pemerintah Pusat atau Pemerintah Daerah\",\"Perlu ada sosialisasi terkait dengan tujuan permintaan data terlebih dahulu, termasuk pemanfaatan data yang dikumpulkan\",\"Mengundang perusahaan secara langsung pada kegiatan pertemuan agar lebih jelas maksud data yang diminta\",\"Data langsung ke perusahaan untuk bertemu\",\"Mengakses platform atau sumber data perusahaan yang sudah disediakan oleh perusahaan\",\"Lainnya\"]}', 13),
(45, 6, 'text', 'Bagaimaan proses pengumpulan data terkait EIP selama ini dilakukan di perusahaan anda? jelaskan ', '{\"required\":true}', 14),
(46, 5, 'radio', 'Apakah perusahaan anda, menyediakan data dan informasi terkait persentase bahan baku/energi perusahaan yang berasal dari limbah/produk samping perusahaan lain di dalam kawasan?', '{\"required\":true,\"options\":[\"Ya\",\"Tidak\"]}', 24),
(47, 6, 'radio', 'Apakah anda memiliki platform/kanal/tools khusus untuk pengumpulan data?', '{\"required\":true,\"options\":[\"Ya\",\"Tidak\"]}', 15),
(48, 6, 'text', ' Jika ada, mohon sebutkan..', '{}', 16),
(49, 5, 'radio', 'Apakah perusahaan anda menyediakan data dan informasi terkait persentase air limbah perusahaan anda yang didaur\nulang untuk digunakan kembali dalam proses produksi non-konsumsi?', '{\"required\":true,\"options\":[\"Ya\",\"Tidak\"]}', 25),
(50, 5, 'radio', 'Apakah di perusahaan anda meyediakan data dan informasi terkait estimasi penghematan biaya operasional tahunan yang didapatkan perusahan dari efisiensi sumber daya dan simbiosis industri?', '{\"required\":true,\"options\":[\"Ya\",\"Tidak\"]}', 26),
(51, 6, 'checkbox', 'Menurut anda apa yang menjadi hambatan bagi perusahaan dalam mengumpulkan data terkait EIP? Jawaban boleh dari satu', '{\"required\":true,\"options\":[\"Data yang diminta tidak semuanya tersedia di perusahan\",\"Adanya Kebijakan Perusahaan yang tidak mengizinkan untuk mempublikasi data\",\"Perusahaan belum mengetahui terkait tujuan pengumpulan data\",\"Perusahaan belum mengetahui data-data apa saja yang harus dikumpulkan\",\"Belum adanya sosialisasi dari Pemerintah atau Pemerintah Data terkait perkumpulan data\",\"Belum adanya kebijakan atau program perusahaan terkait EIP\"]}', 17),
(52, 6, 'text', 'Jika ada hambatan lainnya, silahkan sebutkan di kolom ini', '{}', 18),
(53, 5, 'radio', 'Apakah perusahaan anda menyediakan informasi dan data terkait pemanfaatan insentif pembiayaan hijau (misalnya kredit dengan bunga rendah) dari perbankan / pemerintah untuk proyek EIP?', '{\"required\":true,\"options\":[\"Ya\",\"Tidak\"]}', 27),
(54, 5, 'radio', 'Apakah perusahaan anda menyediakan data dan informasi terkait persentase dari total belanja modal (CAPEX) perusahaan yang dialokasikan untuk teknologi ramah lingkungan dalam 2 tahun terakhir?', '{\"required\":true,\"options\":[\"Ya\",\"Tidak\"]}', 28),
(55, 6, 'radio', 'Apakah perusahaan Anda menyediakan pelatihan khusus terkait praktik keberlanjutan, efisiensi energi atau pengelolaan limbah untuk karyawan?', '{\"required\":true,\"options\":[\"Ya\",\"Tidak\"]}', 19),
(56, 5, 'radio', 'Apakah perusahaan anda menyediakan pelatihan upskilling khusus (misalnya manajemen limbah/efisiensi energi) untuk\nkaryawan anda? ', '{\"required\":true,\"options\":[\"Ya\",\"Tidak\"]}', 29),
(57, 5, 'radio', 'Apakah perusahaan anda menyediakan data dan informasi terkait jumlah total posisi di perusahaan anda yang saat ini\nsecara eksplisit diklasifikasikan sebega green job (misalnya spesialis circularity, auditor energi)?', '{\"required\":true,\"options\":[\"Ya\",\"Tidak\"]}', 30),
(58, 6, 'radio', 'Menurut anda, seberapa memadai keterampilan karyawan saat ini untuk mengumpulkan dan menganalisis data terkait EIP?', '{\"required\":true,\"options\":[\"Sangat Memadai\",\"Memadai\",\"Tidak Memadai\"]}', 20),
(59, 5, 'radio', 'Apakah perusahaan anda menyediakan data dan informasi terkait konsumsi energi total (listrik dan bahan bakar)\nperusahaan dalam setahun terakhir dan berapa volume/berat total produk yang dihasilkan?', '{\"required\":true,\"options\":[\"Ya\",\"Tidak\"]}', 31),
(60, 6, 'radio', 'Apakah pekerjaan yang dikategorikan Green Job di perusahaan anda memenuhi standar kelayakan kerja (upah yang adil, jaminan sosial, jam kerja normal?', '{\"required\":true,\"options\":[\"Ya\",\"Tidak\"]}', 21),
(61, 6, 'radio', 'Apakah penerapan praktik hijau berdampak pada kesehatan dan keselamatan kerja karyawan? (misalnya peningkatan/penurunan risiko, ketersediaan peralatan pelindung)', '{\"required\":true,\"options\":[\"Ya\",\"Tidak\"]}', 22),
(62, 5, 'radio', 'Apakah perusahaan anda menyediakan data dan informasi terkait total penggunaan air bersih (PDAM/Sumur) dalam\nsetahun terakhir?', '{\"required\":true,\"options\":[\"Ya\",\"Tidak\"]}', 32),
(63, 6, 'radio', 'Apakah perusahaan Anda secara resmi mendefinisikan dan mengidentifikasi \"Green Job\" (pekerjaan yang berkontribusi pada pelestarian lingkungan atau efisiensi sumber daya)? ', '{\"required\":true,\"options\":[\"Ya\",\"Tidak\"]}', 23),
(64, 5, 'radio', 'Apakah perusahaan anda menyediakan data dan informasi terkait persentase limbah padat non B3 yang dihasilkan perusahaan yang berhasil didaur ulang atau dijual (bukan dibuang ke TPA)?', '{\"required\":true,\"options\":[\"Ya\",\"Tidak\"]}', 33),
(65, 6, 'text', 'Berapa perkiraan persentase pekerjaan baru yang diciptakan dalam 3 tahun terakhir yang termasuk kategori Green Job?', '{\"required\":true}', 24),
(66, 5, 'radio', 'Apakah perusahaan anda menyediakan data dan informasi terkait persentase penurunan volume/berat limbah B3\nperusahaan tahun ini, yang dibandingkan dengan rata-rata 3 tahun sebelumnya? ', '{\"required\":true,\"options\":[\"Ya\",\"Tidak\"]}', 34),
(67, 5, 'textarea', 'Menurut anda, data apa saja yang tidak perlu disampaikan ke Pemerintah atau pihak lainnya? Sebutkan apa datanya!', '{\"required\":true}', 35),
(68, 6, 'radio', 'Seberapa besar minat Anda (sebagai karyawan) untuk mengambil peran atau posisi baru yang berfokus pada keberlanjutan/lingkungan?', '{\"required\":true,\"options\":[\"Sangat Berminat\",\"Berminat\",\"Tidak Berminat\"]}', 25),
(69, 6, 'text', 'Berapa jumlah posisi yang saat ini secara eksplisit dikategorikan sebagai \"Green Job\" di perusahaan Anda (misalnya, spesialis efisiensi energi, manajer keberlanjutan)? (Isian angka)', '{\"required\":true}', 26),
(70, 5, 'radio', 'Apakah di perusahaan anda, terdapat bagian khusus yang bertugas dalam memproses dan menganalisa data terkait EIP? ', '{\"required\":true,\"options\":[\"Ya\",\"Tidak\"]}', 36),
(71, 5, 'text', 'Jika ya, sebutkan bagiannya. Jika tidak silahkan lanjut nomor berikutnya', '{}', 37),
(72, 6, 'radio', 'Seberapa sering perusahaan menyediakan pelatihan dan pengembangan keterampilan (upskilling/reskilling) yang spesifik untuk mendukung pekerjaan hijau? ', '{\"required\":true,\"options\":[\"Sering\",\"Kadang-Kadang\",\"Tidak Pernah\"]}', 27),
(73, 5, 'textarea', 'Bagaimana pemrosesan dan analisa data tersebut dilakukan oleh perusahaan anda?', '{\"required\":true}', 38),
(74, 5, 'radio', 'Apakah anda memiliki platform/aplikasi/tools untuk menganalisa data terkait EIP?', '{\"required\":true,\"options\":[\"Ya\",\"Tidak\"]}', 39),
(75, 6, 'radio', 'Apakah standar kompensasi dan tunjangan untuk Green Job lebih baik atau setara dengan pekerjaan non-hijau di tingkat yang sama? (Lebih baik/Setara/Lebih rendah)', '{\"required\":true,\"options\":[\"Lebih Baik\",\"Setara\",\"Lebih Rendah\"]}', 28),
(76, 5, 'text', 'Jika ya sebutkan platform/aplikasi/tools yang digunakan. Jika tidak silahkan lanjut ke pertanyaan berikutnya', '{}', 40),
(77, 6, 'radio', 'Apakah implementasi proses hijau berdampak pada peningkatan Kualitas Lingkungan Kerja dan penurunan risiko K3 bagi karyawan? ', '{\"required\":true,\"options\":[\"Ya\",\"Tidak\"]}', 29),
(78, 6, 'radio', 'Apakah perusahaan/kawasan industri Anda memiliki program tanggung jawab sosial (CSR) yang melibatkan peningkatan kesejahteraan dan penyerapan tenaga kerja lokal? ', '{\"required\":true,\"options\":[\"Ya\",\"Tidak\"]}', 30),
(79, 6, 'radio', ' Apakah di perusahaan anda, terdapat bagian khusus yang bertugas dalam memproses dan menganalisa data terkait EIP?', '{\"required\":true,\"options\":[\"Ya\",\"Tidak\"]}', 31),
(80, 6, 'text', ' Jika ya, sebutkan bagiannya. Jika tidak silahkan lanjut nomor berikutnya', '{}', 32),
(81, 6, 'text', 'Bagaimana pemrosesan dan analisa data tersebut dilakukan oleh perusahaan anda?', '{\"required\":true}', 33),
(82, 6, 'radio', ' Apakah anda memiliki platform/aplikasi/tools untuk menganalisa data terkait EIP? ', '{\"required\":true,\"options\":[\"Ya\",\"Tidak\"]}', 34),
(83, 5, 'radio', 'Kepada siapa data terkait EIP, biasanya anda berikan/kirimkan?', '{\"required\":true,\"options\":[\"Hanya untuk internal perusahaan\",\"Mitra perusahaan\",\"Investor\",\"Pemerintah pusat\",\"Pemerintah daerah\",\"Tidak ada (kami tidak menyediakan data EIP)\"]}', 41),
(84, 6, 'text', 'Jika ya sebutkan platform/aplikasi/tools yang digunakan', '{}', 35),
(85, 5, 'radio', 'Apakah anda pernah diundang atau didatangi oleh Pemeritah Pusat/Pemerintah Daerah untuk melakukan evaluasi terkait data EIP perusahaan anda?', '{\"required\":true,\"options\":[\"Ya\",\"Tidak\"]}', 42),
(86, 5, 'text', 'Menurut anda, data EIP sebaiknya dimanfaatkan untuk apa saja? ', '{\"required\":true}', 43),
(87, 6, 'radio', 'Kepada siapa data terkait EIP, biasanya anda berikan/kirimkan?', '{\"required\":true,\"options\":[\"hanya untuk internal perusahaan\",\"Mitra perusahaan\",\"Investor\",\"Pemerintah Pusat\",\"Pemerintah Daerah\",\"Tidak ada (kami tidak menyediakan data EIP)\"]}', 36),
(88, 5, 'text', 'Menurut anda, apa penyebab perusahaan selama ini kurang optimal mengumpukan data terkait EIP?', '{\"required\":true}', 44),
(89, 6, 'radio', 'Apakah anda pernah diundang atau didatangi oleh Pemeritah/Pemerintah Daerah untuk melakukan  evaluasi terkait data EIP perusahaan anda?', '{\"required\":true,\"options\":[\"Ya\",\"Tidak\"]}', 37),
(90, 6, 'text', 'Menurut anda, data EIP sebaiknya dimanfaatkan untuk apa saja?', '{\"required\":true}', 38),
(91, 6, 'text', 'Menurut anda, apa penyebab perusahaan selama ini kurang optimal mengumpukan data terkait EIP?', '{\"required\":true}', 39),
(92, 3, 'text', 'Nama Responden (Pencantuman nama  dan identitas dalam survey ini hanya untuk memudahkan kami dalam\nmengkonfirmasi jawaban survey yang diberikan serta meminta informasi lebih lanjut)', '{\"required\":true}', 1),
(93, 3, 'text', 'Nomor Kontak', '{\"required\":true}', 2),
(94, 3, 'text', 'Alamat email', '{\"required\":true}', 3),
(95, 3, 'text', 'Nama Pengelola Kawasan', '{\"required\":true}', 4),
(96, 3, 'text', 'Jumlah Perusahaan/Tenant yang dikelola', '{\"required\":true}', 5),
(97, 3, 'checkbox', 'Menurut anda, dari jenis data berikut, mana saja yang dapat disediakan dan dipublikasikan oleh perusahaan?  Jawaban\nboleh lebih dari satu', '{\"required\":true,\"options\":[\"Layanan manajemen kawasan\",\"Pengelolaan limbah\",\"Konsumsi energi\",\"Konsumsi air\",\"Pengelolaan air limbah\",\"Penghasilan limbah padat dan berbahaya\",\"Pengendalian pencemaran air dan atau udara\",\"Emisi gas rumah kaca\",\"Kebijakan terkait kawasan hijau\",\"Perencanaan strategis\",\"Ketenagakerjaan\",\"Sistem manajemen sosial\",\"Audit internal dan tinjauan manajemen\",\"Pemantauan & manajemen risiko\",\"Pengelolaan limbah padat (sampah domestik)\",\"Pengelolaan limbah padat non B3 (limbah padat industri)\",\"Pengelolaan limbah padat B3\",\"Strategi menghadapi perubahan iklim & lingkungan alam\",\"Infrastruktur sosial\",\"Pelibatan masyarakat setempat\",\"Penciptaan lapangan pekerjaan\",\"Promosi bisnis lokal & UMKM\",\"Pelaporan keuangan & tata kelola\",\"Penciptaan nilai ekonomi\"]}', 12),
(98, 3, 'checkbox', 'Menurut anda, apa hal yang paling penting dilakukan oleh si peminta data agar perusahaan dapat menyediakan data\nterkait dengan EIP? Jawaban boleh lebih dari satu', '{\"required\":true,\"options\":[\"Bersurat secara resmi ke perusahaan\",\"Peminta data hanya boleh dari Pemerintah Pusat atau Pemerintah Daerah\",\"Perlu ada sosialisasi terkait dengan tujuan permintaan data terlebih dahulu, termasuk pemanfaatan data yang dikumpulkan\",\"Mengundang perusahaan secara langsung pada kegiatan pertemuan agar lebih jelas maksud data yang diminta\",\"Datang langsung ke perusahaan untuk bertemu\",\"Mengakses platform atau sumber data perusahaan yang sudah disediakan oleh perusahaan\",\"Lainnya\"]}', 13),
(99, 3, 'textarea', 'Bagaimaan proses pengumpulan data terkait EIP selama ini dilakukan di perusahaan anda? jelaskan', '{\"required\":true}', 14),
(100, 3, 'radio', 'Apakah anda memiliki platform/kanal/tools khusus untuk pengumpulan data?', '{\"required\":true,\"options\":[\"Ya\",\"Tidak\"]}', 15),
(101, 3, 'text', 'Jika ada, mohon sebutkan', '{}', 16),
(102, 3, 'checkbox', 'Menurut anda apa yang menjadi hambatan bagi perusahaan dalam mengumpulkan data terkait EIP? Jawaban boleh dari\nsatu', '{\"required\":true,\"options\":[\"Data yang diminta tidak semuanya tersedia di perusahan\",\"Adanya Kebijakan Perusahaan yang tidak mengizinkan untuk mempublikasi data\",\"Perusahaan belum mengetahui terkait tujuan pengumpulan data\",\"Perusahaan belum mengetahui data-data apa saja yang harus dikumpulkan\",\"Belum adanya sosialisasi dari Pemerintah atau Pemerintah Data terkait perkumpulan data\",\"Belum adanya kebijakan atau program perusahaan terkait EIP\"]}', 17),
(103, 3, 'textarea', 'Jika ada hambatan lainnya, silahkan sebutkan di kolom ini', '{}', 18),
(104, 3, 'radio', 'Apakah Master Plan kawasan Anda telah secara eksplisit mencantumkan tujuan dan peta jalan (roadmap) menuju status\nEco Industrial Park (EIP)', '{\"required\":true,\"options\":[\"Ya\",\"Tidak\"]}', 19),
(105, 3, 'radio', ' Apakah perusahaan pernah memfasilitasi pertemuan atau forum pertukaran limbah/sumber daya antar perusahaan', '{\"required\":true,\"options\":[\"Ya\",\"Tidak\"]}', 20),
(106, 3, 'radio', 'Apakah Perusahaan anda secara rutin mengumpulkan dan mempublikasikan data kinerja lingkungan kolektif (misalnya,\ntotal pengurangan emisi GRK kawasan)', '{\"required\":true,\"options\":[\"Ya\",\"Tidak\"]}', 21),
(107, 3, 'radio', 'Apakah perusahan anda menyediakan informasi terkait kapasitas terpasang Energi Baru Terbarukan (EBT) yang dikelola\noleh kawasan untuk kebutuhan bersama', '{\"required\":true,\"options\":[\"Ya\",\"Tidak\"]}', 22),
(108, 3, 'radio', ' Apakah perusahaan anda, menyediakan data dan informasi terkait penerapan sistem daur ulang air ?', '{\"required\":true,\"options\":[\"Ya\",\"Tidak\"]}', 23),
(109, 3, 'radio', 'Apakah perusahaan anda menyediakan data dan informasi terkait total investasi yang dilakukan kawasan untuk\nmodernisasi infratsruktur hijau?', '{\"required\":true,\"options\":[\"Ya\",\"Tidak\"]}', 24),
(110, 3, 'radio', 'Apakah di perusahaan anda meyediakan data terkait perkiraan penghematan biaya operasional tahunan (dalam persentase\natau Rupiah) yang dihasilkan dari upaya efisiensi energi dan efisiensi air (misalnya, melalui daur ulang)?', '{\"required\":true,\"options\":[\"Ya\",\"Tidak\"]}', 25),
(111, 3, 'radio', 'Apakah perusahaan anda menyediakan informasi dan data terkait total pendapatan tahunan yang diperoleh perusahaan\ndari penjualan produk samping atau limbah yang didaur ulang (simbiosis industri)?', '{\"required\":true,\"options\":[\"Ya\",\"Tidak\"]}', 26),
(112, 3, 'radio', 'Apakah anda menyediakan data dan informasi terkait persentase dari total investasi modal (CAPEX) perusahaan dalam 3\ntahun terakhir yang dialokasikan untuk teknologi rendah karbon atau fasilitas ramah lingkungan?', '{\"required\":true,\"options\":[\"Ya\",\"Tidak\"]}', 27),
(113, 3, 'radio', 'Apakah kawasan memiliki program khusus untuk memfasilitasi penyerapan tenaga kerja lokal di 10 sektor Green Job\npada perusahaan penyewa?', '{\"required\":true,\"options\":[\"Ya\",\"Tidak\"]}', 28),
(114, 3, 'radio', 'Seberapa memadai ketersediaan SDM dengan kompetensi hijau (misalnya, lulusan vokasi/pelatihan) di wilayah sekitar\nuntuk mengisi Green Job di kawasan?', '{\"required\":true,\"options\":[\"Sangat memadai\",\"Memadai\",\"Kurang memadai\",\"Sangat tidak memadai\"]}', 29),
(115, 3, 'radio', 'Apakah kawasan/perusahaan Anda memiliki target terukur untuk pengurangan konsumsi energi per unit produksi\n(intensitas energi)?', '{\"required\":true,\"options\":[\"Ya\",\"Tidak\"]}', 30),
(116, 3, 'text', 'Jika ya, mohon sebutkan persentasenya . Jika tidak silahkan lanjut ke pertanyaan nomor selanjutnya', '{}', 31),
(117, 3, 'text', 'Berapa persentase kebutuhan energi yang dipenuhi dari Energi Baru dan Terbarukan (EBT)?', '{\"required\":true}', 32),
(118, 3, 'radio', 'Apakah di perusahaan anda terdapat sistem daur ulang air (misalnya, air limbah menjadi air proses/penyiraman) di\nkawasan/perusahaan Anda?', '{\"required\":true,\"options\":[\"Ya\",\"Tidak\"]}', 33),
(119, 3, 'radio', 'Apakah Anda secara rutin memantau dan mencatat intensitas penggunaan air per unit produksi?', '{\"required\":true,\"options\":[\"Ya\",\"Tidak\"]}', 34),
(120, 3, 'radio', 'Apakah kawasan Anda memiliki fasilitas pengolahan limbah terpusat (IPAL, limbah padat) yang melebihi standar regulasi?', '{\"required\":true,\"options\":[\"Ya\",\"Tidak\"]}', 35),
(121, 3, 'radio', 'Apakah perusahaan Anda memanfaatkan produk samping/limbah dari perusahaan lain di kawasan ini sebagai bahan\nbaku/energi?', '{\"required\":true,\"options\":[\"Ya\",\"Tidak\"]}', 36),
(122, 3, 'radio', 'Apakah perusahaan telah menerapkan ekoinovasi dan inovasi sosial perusahaan ? Ekoinovasi adalah kegiatan inovasi yang\nbertujuan untuk mengurangi dampak negatif terhadap lingkungan. Inovasi sosial adalah kegiatan pemberdayaan\nmasyarakat yang dapat menyelesaikan permasalah/kebutuhan sosial (lebih efektif dibandingkan solusi yang ada saat ini)\ndan mendorong perbaikan kapabilitas dan hubungan sosial, serta pemanfaatan aset dan sumberdaya yang lebih baik', '{\"required\":true,\"options\":[\"Ya\",\"Tidak\"]}', 37),
(123, 3, 'radio', 'Jika ada pihak yang berwenang, meminta data terkait EIP, apakah anda bersedia menyediakan data dan dokumen\npendukung terkait data yang disebutkan di atas? pertanyaan pada nomor 17-35', '{\"required\":true,\"options\":[\"Ya\",\"Sebagian\",\"Tidak\"]}', 38),
(124, 3, 'textarea', 'Menurut anda, data apa saja yang tidak perlu disampaikan ke Pemerintah atau pihak lainnya? sebutkan apa datanya', '{\"required\":true}', 39),
(125, 3, 'radio', 'Apakah di perusahaan anda, terdapat bagian khusus yang bertugas dalam memproses dan menganalisa data terkait EIP?', '{\"required\":true,\"options\":[\"Ya\",\"Tidak\"]}', 40),
(126, 3, 'text', 'Jika ya, sebutkan bagiannya. Jika tidak silahkan lanjut nomor berikutnya', '{}', 41),
(127, 3, 'textarea', 'Bagaimana pemrosesan dan analisa data tersebut dilakukan oleh perusahaan anda?', '{\"required\":true}', 42),
(128, 3, 'radio', 'Apakah anda memiliki platform/aplikasi/tools untuk menganalisa data terkait EIP?', '{\"required\":true,\"options\":[\"Ya\",\"Tidak\"]}', 43),
(129, 3, 'text', 'Jika ya sebutkan platform/aplikasi/tools yang digunakan', '{}', 44),
(130, 3, 'radio', 'Kepada siapa data terkait EIP, biasanya anda berikan/kirimkan?', '{\"required\":true,\"options\":[\"hanya untuk internal perusahaan\",\"Mitra perusahaan\",\"Investor\",\"Pemerintah Pusat\",\"Pemerintah Daerah\",\"Tidak ada (kami tidak menyediakan data EIP)\"]}', 45),
(131, 3, 'radio', 'Apakah anda pernah diundang atau didatangi oleh Pemeritah/Pemerintah Daerah untuk melakukan  evaluasi terkait data\nEIP perusahaan anda?', '{\"required\":true,\"options\":[\"Ya\",\"Tidak\"]}', 46),
(132, 3, 'text', 'Menurut anda, data EIP sebaiknya dimanfaatkan untuk apa saja?', '{\"required\":true}', 47),
(133, 3, 'text', 'Menurut anda, apa penyebab perusahaan selama ini kurang optimal mengumpukan data terkait EIP?', '{\"required\":true}', 48),
(134, 4, 'text', 'Nama Responden', '{\"required\":true}', 1),
(135, 4, 'text', 'Instansi', '{\"required\":true}', 2),
(136, 4, 'text', ' Nomor Kontak', '{\"required\":true}', 3),
(137, 4, 'text', 'Alamat Email', '{\"required\":true}', 4),
(138, 4, 'radio', 'Apakah Instansi Bapak/Ibu pernah mengajukan permintaan data ke perusahaan di  wilayah anda?', '{\"required\":true,\"options\":[\"Ya\",\"Tidak\"]}', 5),
(139, 4, 'radio', 'Apakah selama ini, permintaan data tersebut dipenuhi oleh perusahaan yang dituju?', '{\"required\":true,\"options\":[\"Iya, dipenuhi semua data\",\"Sebagian data dipenuhi\",\"Tidak dipenuhi\"]}', 6),
(140, 4, 'textarea', 'Bagaimana proses pengumpulan data yang dilakukan selama ini?', '{\"required\":true}', 7),
(141, 4, 'radio', ' Apakah dalam mengumpulan data, Pemerintah memiliki aplikasi/tools/media lainnya yang telah digunakan selama ini?', '{\"required\":true,\"options\":[\"Ya\",\"Tidak\"]}', 8),
(142, 4, 'text', 'Jika iya, mohon jelaskan aplikasi/tools/media yang digunakan dan cara kerjanya. Jika tidak ada silahkan lanjut ke\npertanyaan nomor 11', '{}', 9),
(143, 4, 'radio', 'Apakah aplikasi/tools/media yang digunakan tersebut efektif atau tidak?', '{\"options\":[\"Sangat Efektif\",\"Efektif\",\"Kurang Efektif\"]}', 10),
(144, 4, 'text', 'Menurut anda, apa yang menjadi tantangan atau hambatan dalam pengumpulan data terkait EIP selama ini? ', '{\"required\":true}', 11),
(145, 4, 'text', ' Bidang apa di instansi anda yang bertugas sebagai penangungjawab pengumpul data EIP?', '{\"required\":true}', 12),
(146, 4, 'checkbox', 'Manakah, dari data berikut, yang diminta oleh Pemerintah ke perusahaan pengelola dan atau tenan? (Jawaban boleh lebih\ndari satu)', '{\"required\":true,\"options\":[\"Bahan Baku, Bahan Penolong dan Energi\",\"Proses Produksi\",\"Produk\",\"Manajemen Produksi\",\"Pengelolaan Limbah\",\"Bahan Kimia dan Bahan Tambahan\",\"Konsumsi Energi\",\"Konsumsi Air\",\"Pengelolaan air limbah\",\"Penghasilan Limbah Padat dan Berbahayan\",\"Penghasilan pencemaran air dan atau udara\",\"Pengelolaan Sampah\",\"Emisi Gas Rumah Kaca\",\"Kebijakan terkait kawasan hijau\",\"Ketenagakerjaan\",\"Tanggungjawab sosial perusahaan\",\"Audit Internal dan Tinjauan Manajemen\"]}', 13),
(147, 4, 'checkbox', 'Manakah, dari data berikut, yang paling sering dikirimkan oleh perusahaan pengelola dan atau tenan?', '{\"required\":true,\"options\":[\"Bahan Baku, Bahan Penolong dan Energi\",\"Proses Produksi\",\"Produk\",\"Manajemen Produksi\",\"Pengelolaan Limbah\",\"Bahan Kimia dan Bahan Tambahan\",\"Konsumsi Energi\",\"Konsumsi Air\",\"Pengelolaan air limbah\",\"Penghasilan Limbah Padat dan Berbahayan\",\"Penghasilan pencemaran air dan atau udara\",\"Pengelolaan Sampah\",\"Emisi Gas Rumah Kaca\",\"Kebijakan terkait kawasan hijau\",\"Ketenagakerjaan\",\"Tanggungjawab sosial perusahaan\",\"Audit Internal dan Tinjauan Manajemen\",\"Tidak ada\"]}', 14),
(148, 4, 'radio', 'Apakah pemerintah telah mengimplementasikan insentif fiskal (seperti tax allowance, tax holiday, atau pengurangan Pajak\nBumi dan Bangunan/PBB) untuk investasi di teknologi ramah lingkungan (misalnya, panel surya, sistem daur ulang air) dan\nbagi perusahaan yang telah tersertifikasi Industri Hijau?', '{\"required\":true,\"options\":[\"Ya, sudah diberlakukan\",\"Iya, sudah diberlakukan namun belum maksimal\",\"Belum terlaksana\"]}', 15),
(149, 4, 'radio', 'Apakah pemerintah telah memfasilitasi akses ke kredit dengan bunga rendah (Green Financing) atau skema pendanaan\nkhusus dari bank pemerintah untuk proyek EIP?', '{\"required\":true,\"options\":[\"Iya, sudah telaksana\",\"Iya, sudah diberlakukan namun belum maksimal\",\"Belum terlaksana\"]}', 16),
(150, 4, 'radio', 'Apakah Pemerintah telah melakukan akselerasi dan penyederhanaan proses perizinan (terutama izin lingkungan dan tata\nruang) untuk pengembangan EIP', '{\"required\":true,\"options\":[\"Iya, sudah terlaksana\",\"Iya, sudah diberlakukan namun belum maksimal\",\"Belum terlaksana\"]}', 17),
(151, 4, 'radio', 'Apakah perusahaan telah melaksanakan kebijakan yang memprioritaskan penggunaan produk dari perusahaan yang\nmemiliki Sertifikasi Industri Hijau atau yang berlokasi di EIP dalam pengadaan barang/jasa pemerintah? ', '{\"required\":true,\"options\":[\"Iya, sudah terlaksana\",\"Iya, sudah diberlakukan namun belum maksimal\",\"Belum terlaksana\"]}', 18),
(152, 4, 'radio', 'Apakah Pemerintah telah menyediakan infrastruktur dasar yang mendukung transisi energi (misalnya, jaringan listrik EBT\nyang stabil) atau fasilitas limbah terpusat oleh pemerintah daerah?', '{\"required\":true,\"options\":[\"Iya, sudah terlaksana\",\"Iya, sudah diberlakukan namun belum maksimal\",\"Belum terlaksana\"]}', 19),
(153, 4, 'radio', 'Apakah Pemerintah telah berkolaborasi dengan lembaga pendidikan/pelatihan (Pusat, Daerah) untuk mengembangkan\nkurikulum yang sesuai dengan kebutuhan Green Job (pelatihan upskilling dan reskilling)', '{\"required\":true,\"options\":[\"Ya\",\"Tidak\"]}', 20),
(154, 4, 'radio', 'Apakah perusahaan telah menyediakan data pasar kerja hijau dan standar kompetensi Green Job untuk memudahkan\nperusahaan merekrut dan mengembangkan tenaga kerja?', '{\"required\":true,\"options\":[\"Ya\",\"Tidak\"]}', 21),
(155, 4, 'radio', 'Apakah Pemerintah telah membantu mempromosikan hasil produksi perusahaan hijau di pasar domestik dan internasional?', '{\"required\":true,\"options\":[\"Iya\",\"Tidak\"]}', 22),
(156, 4, 'radio', 'Seberapa memadai dukungan pemerintah (pusat/daerah) dalam penyediaan program pelatihan atau sertifikasi yang sesuai\nuntuk kebutuhan Green Job di industri?', '{\"required\":true,\"options\":[\"Sangat memadai\",\"Memadai\",\"Kurang Memadai\"]}', 23),
(157, 4, 'radio', 'Apakah pemerintah (melalui Balai Latihan Kerja/Universitas) secara aktif memfasilitasi kemitraan dengan perusahaan Anda\nuntuk mengembangkan talenta Green Job?', '{\"required\":true,\"options\":[\"Ya\",\"Tidak\"]}', 24),
(158, 4, 'radio', 'Apakah di instansi anda, terdapat bagian khusus yang bertugas dalam memproses dan menganalisa data terkait EIP?', '{\"required\":true,\"options\":[\"Ya\",\"Tidak\"]}', 25),
(159, 4, 'text', 'Jika ya, sebutkan bagiannya. Jika tidak silahkan lanjut nomor berikutnya', '{}', 26),
(160, 4, 'text', 'Bagaimana pemrosesan dan analisa data tersebut dilakukan oleh instansi anda?', '{\"required\":true}', 27),
(161, 4, 'radio', 'Apakah instansi anda memiliki platform/aplikasi/tools untuk menganalisa data terkait EIP?', '{\"required\":true,\"options\":[\"Ya\",\"Tidak\"]}', 28),
(162, 4, 'text', 'Jika ya sebutkan platform/aplikasi/tools yang digunakan. Jika tidak silahkan lanjut ke nomor berikutnya', '{}', 29),
(163, 4, 'textarea', ' Selama ini data EIP digunakan untuk apa saja?', '{\"required\":true}', 30),
(164, 4, 'radio', 'Apakah instansi anda mengirimkan feedback kepada perusahaan terkait data yang mengirimkan (seperti apresiasi terhadap\npengiriman data ataupun mengkonfirmasi data yang diberikan) ', '{\"required\":true,\"options\":[\"Ya\",\"Tidak\"]}', 31),
(165, 4, 'radio', 'Apakah instansi anda pernah melakukan pertemuan untuk membahas data EIP yang telah dikirimkan perusahaan baik\noffline/online?', '{\"required\":true,\"options\":[\"Ya\",\"Tidak\"]}', 32),
(166, 4, 'radio', 'Apakah instansi anda, pernah memberikan reward kepada perusahaan yang telah mengirimkan datanya secara lengkap? ', '{\"required\":true,\"options\":[\"Ya\",\"Tidak\"]}', 33),
(167, 4, 'text', 'Apa rekomendasi anda untuk metode pengumpulan data yang lebih efektif dilakukan ke depannya?', '{\"required\":true}', 34);

-- --------------------------------------------------------

--
-- Table structure for table `responses`
--

CREATE TABLE `responses` (
  `id` int(11) NOT NULL,
  `survey_id` int(11) NOT NULL,
  `token` varchar(200) DEFAULT NULL,
  `status` enum('in_progress','completed') NOT NULL DEFAULT 'in_progress',
  `submitted_at` datetime DEFAULT current_timestamp(),
  `ip_address` varchar(45) DEFAULT NULL
) ENGINE=InnoDB DEFAULT CHARSET=utf8mb4 COLLATE=utf8mb4_general_ci;

--
-- Dumping data for table `responses`
--

INSERT INTO `responses` (`id`, `survey_id`, `token`, `status`, `submitted_at`, `ip_address`) VALUES
(9, 4, '90302eb273981d2e0f3ec3a21bd40d09', 'completed', '2025-11-17 10:16:29', NULL),
(10, 5, '90302eb273981d2e0f3ec3a21bd40d09', 'in_progress', '2025-11-17 11:16:28', NULL),
(11, 6, '90302eb273981d2e0f3ec3a21bd40d09', 'in_progress', '2025-11-17 11:16:33', NULL),
(12, 3, 'e42d59f9063545fea39a914a304bde20', 'in_progress', '2025-11-17 11:32:27', NULL),
(13, 3, 'e1f45db230a3271e17f2563d62c4c18b', 'in_progress', '2025-11-17 14:41:54', NULL),
(14, 4, 'e1f45db230a3271e17f2563d62c4c18b', 'in_progress', '2025-11-17 14:53:03', NULL),
(15, 3, 'afc002a298a8d92c4da6881458b2468d', 'in_progress', '2025-11-17 15:25:22', NULL),
(16, 3, '07565e9b7e8467d2cdabdd796a5a3b14', 'in_progress', '2025-11-18 07:31:41', NULL),
(17, 6, '07565e9b7e8467d2cdabdd796a5a3b14', 'in_progress', '2025-11-18 07:31:43', NULL),
(18, 5, '07565e9b7e8467d2cdabdd796a5a3b14', 'in_progress', '2025-11-18 07:31:45', NULL),
(19, 4, '07565e9b7e8467d2cdabdd796a5a3b14', 'in_progress', '2025-11-18 07:31:47', NULL),
(20, 4, 'e42d59f9063545fea39a914a304bde20', 'in_progress', '2025-11-18 08:26:09', NULL),
(21, 5, 'e42d59f9063545fea39a914a304bde20', 'in_progress', '2025-11-18 08:28:03', NULL),
(22, 6, 'e42d59f9063545fea39a914a304bde20', 'in_progress', '2025-11-18 08:33:32', NULL),
(23, 3, 'efbeb1a5436164697abb151bfec5c370', 'in_progress', '2025-11-18 08:35:58', NULL),
(24, 4, 'efbeb1a5436164697abb151bfec5c370', 'in_progress', '2025-11-18 08:39:54', NULL),
(25, 5, 'efbeb1a5436164697abb151bfec5c370', 'in_progress', '2025-11-18 08:41:14', NULL),
(26, 6, 'efbeb1a5436164697abb151bfec5c370', 'in_progress', '2025-11-18 08:41:43', NULL),
(27, 3, 'a2431476f8ec53e1c6ce80d1738305c4', 'in_progress', '2025-11-18 08:42:10', NULL),
(28, 5, 'e1f45db230a3271e17f2563d62c4c18b', 'in_progress', '2025-11-18 08:46:47', NULL),
(29, 3, 'f667d41dcfc062ecbe8429f4c52e78a3', 'in_progress', '2025-11-18 09:03:39', NULL),
(30, 3, 'dac60291881fa37a1030163066ab334a', 'in_progress', '2025-11-18 09:07:36', NULL),
(31, 4, 'dac60291881fa37a1030163066ab334a', 'in_progress', '2025-11-18 09:08:00', NULL),
(32, 5, 'dac60291881fa37a1030163066ab334a', 'in_progress', '2025-11-18 09:08:02', NULL),
(33, 6, 'dac60291881fa37a1030163066ab334a', 'in_progress', '2025-11-18 09:08:03', NULL),
(34, 3, '539b10ab29e2ccaf732b90aef16b1a51', 'in_progress', '2025-11-18 09:39:04', NULL),
(35, 3, '1f1db44e59cf8962d369f4df9c2c9977', 'in_progress', '2025-11-18 10:05:23', NULL),
(36, 5, '1f1db44e59cf8962d369f4df9c2c9977', 'in_progress', '2025-11-18 10:05:26', NULL),
(37, 3, '98effd4a4f8ed5f4b4646b40b7adf195', 'in_progress', '2025-11-18 10:05:56', NULL),
(38, 3, '64b7ef16989c37ddea3e2f3dceadf42d', 'in_progress', '2025-11-18 10:06:00', NULL),
(39, 3, '1ada1828185951da5565f2e42aa9c8cc', 'completed', '2025-11-18 10:06:04', NULL),
(40, 3, '94bd67ca59ae853012b30cbc6496ae63', 'in_progress', '2025-11-18 10:06:09', NULL),
(41, 3, '2d9a31c5ea1ec82ac88e19b8fb6f15ec', 'in_progress', '2025-11-18 10:07:06', NULL),
(42, 3, 'c25c4e38c27aaf1e3ec552dc97b96563', 'in_progress', '2025-11-18 10:07:25', NULL),
(44, 3, '7b43bccb327d508fabaa579ed3b3f8a7', 'completed', '2025-11-18 10:07:56', NULL),
(45, 6, '79ce650af8718aa865b95e40a07852a6', 'completed', '2025-11-18 10:08:23', NULL),
(46, 3, '300601e42006747fcc2ee80344c0a53a', 'in_progress', '2025-11-18 10:08:28', NULL),
(47, 3, '2570f05e5af7aed26f74e7d29d11575e', 'in_progress', '2025-11-18 10:09:02', NULL),
(48, 3, '08b6697d0258d830e77bc7929dd5e189', 'in_progress', '2025-11-18 10:09:05', NULL),
(49, 3, 'd7c1a9cedcdbac17547c02ec92465ceb', 'in_progress', '2025-11-18 10:09:18', NULL),
(51, 4, '31f1b8307ed5f1c550e6aeaa603ed5db', 'completed', '2025-11-18 10:10:47', NULL),
(52, 3, 'b76aaf35f47ff417eb29fe25018cd6e9', 'in_progress', '2025-11-18 10:10:59', NULL),
(55, 3, '0783ef00454e317b09a47fbbb9a1480a', 'in_progress', '2025-11-18 10:11:54', NULL),
(56, 5, '0783ef00454e317b09a47fbbb9a1480a', 'in_progress', '2025-11-18 10:12:07', NULL),
(57, 5, '08b6697d0258d830e77bc7929dd5e189', 'in_progress', '2025-11-18 10:12:21', NULL),
(58, 6, '08b6697d0258d830e77bc7929dd5e189', 'in_progress', '2025-11-18 10:12:31', NULL),
(59, 3, '67dc5db5d30c6452342f645aec216388', 'in_progress', '2025-11-18 10:16:01', NULL),
(60, 3, 'f196f14ef4462ea7f71ce3839316286f', 'in_progress', '2025-11-18 10:17:50', NULL),
(61, 3, 'c8b455ef5d48d30eb428b27d3b0e7eed', 'in_progress', '2025-11-18 10:21:39', NULL),
(62, 3, '05f3a8365770704aebf9e000f4ecb755', 'in_progress', '2025-11-18 10:21:40', NULL),
(63, 4, '9f6cbf2cb2b03db8d323743137d938d8', 'in_progress', '2025-11-18 10:22:00', NULL),
(64, 6, '7fbed4af01a80beed95f9c8519f4ff15', 'in_progress', '2025-11-18 10:22:13', NULL),
(65, 5, '8df436298d939bd2f12e6d01a72a7bd6', 'in_progress', '2025-11-18 10:22:19', NULL),
(66, 3, 'eea811e912d50040e6b3511660608797', 'in_progress', '2025-11-18 10:23:27', NULL),
(67, 4, 'a2431476f8ec53e1c6ce80d1738305c4', 'in_progress', '2025-11-18 10:45:57', NULL),
(68, 5, 'a2431476f8ec53e1c6ce80d1738305c4', 'in_progress', '2025-11-18 10:45:59', NULL),
(69, 3, 'baaa07a4b34539cd958c864ea63a4277', 'in_progress', '2025-11-18 10:54:42', NULL),
(70, 3, '31bcff39e6239763d4547ef6915ce2c0', 'in_progress', '2025-11-18 11:04:22', NULL),
(71, 5, '31bcff39e6239763d4547ef6915ce2c0', 'in_progress', '2025-11-18 11:04:27', NULL),
(72, 3, '6820c3706b0e8bf0ac9cf28cd8c65881', 'in_progress', '2025-11-18 11:05:44', NULL),
(73, 6, '31bcff39e6239763d4547ef6915ce2c0', 'in_progress', '2025-11-18 11:29:51', NULL),
(74, 3, '5b55845411c712e262bb3c9be6ebf76d', 'in_progress', '2025-11-18 12:47:17', NULL),
(75, 6, '5b55845411c712e262bb3c9be6ebf76d', 'in_progress', '2025-11-18 12:47:24', NULL),
(76, 4, '5b55845411c712e262bb3c9be6ebf76d', 'in_progress', '2025-11-18 12:47:26', NULL),
(77, 5, '5b55845411c712e262bb3c9be6ebf76d', 'in_progress', '2025-11-18 12:47:27', NULL),
(78, 3, '355113fcf8b8d7c4bf446942970a22b9', 'in_progress', '2025-11-18 12:49:05', NULL),
(79, 5, '355113fcf8b8d7c4bf446942970a22b9', 'in_progress', '2025-11-18 12:49:37', NULL),
(80, 6, '355113fcf8b8d7c4bf446942970a22b9', 'in_progress', '2025-11-18 12:49:52', NULL),
(81, 6, '45317ec9f55b730df572fc90eb6c2fed', 'in_progress', '2025-11-18 13:03:38', NULL),
(82, 4, '42bab6cd6d1ff31ba9938b9fa86dd091', 'in_progress', '2025-11-18 13:03:39', NULL),
(83, 5, '0ba078bedc81cadd617badc6f3f84d9e', 'in_progress', '2025-11-18 13:03:39', NULL),
(84, 6, '5d764ea085f4ce64681c7c4ab0e81611', 'in_progress', '2025-11-18 13:03:47', NULL),
(85, 4, '6634d8d1f38ef48195a3251662d75c79', 'in_progress', '2025-11-18 13:03:54', NULL),
(86, 5, '96120d04e87ca2713b440c95539c5302', 'in_progress', '2025-11-18 13:03:54', NULL),
(87, 4, '539b10ab29e2ccaf732b90aef16b1a51', 'in_progress', '2025-11-18 13:04:50', NULL),
(88, 5, '1993f2de4ad3b07b393fb91ec4865313', 'completed', '2025-11-21 10:45:53', NULL),
(89, 4, 'a6c6f6c0b5f254f6bfcf99d5efe4754b', 'completed', '2025-11-24 10:42:41', NULL),
(90, 4, '47e37ddbaadb5ae150e9de4ee94f83c2', 'completed', '2025-11-25 14:23:43', NULL),
(91, 4, '6ebf0b1f74d1310f1de42862cbeba5d6', 'completed', '2025-11-26 14:15:58', NULL),
(92, 6, '10121c439e5d16a85c4e190d716e076b', 'completed', '2025-11-26 16:22:51', NULL),
(93, 3, '2ae86c2d959bf1c8066bbcbc2a115669', 'completed', '2025-11-26 20:47:31', NULL),
(94, 4, 'a04d7d4693b58479de454d7ac0c9cf89', 'completed', '2025-12-02 09:50:29', NULL),
(95, 5, '3972ce48613233079f73893b0dd295d6', 'completed', '2025-12-02 10:37:42', NULL),
(96, 3, 'df8d548caacef7a801324674a97caaf2', 'completed', '2025-12-03 11:59:22', NULL),
(97, 5, '49a8e840f5aba0662117a21b33a62cb5', 'completed', '2025-12-03 12:40:54', NULL),
(98, 3, '13c6b455f0e077dcf3f041644eb02175', 'completed', '2025-12-04 08:37:12', NULL);

-- --------------------------------------------------------

--
-- Table structure for table `surveys`
--

CREATE TABLE `surveys` (
  `id` int(11) NOT NULL,
  `title` varchar(255) NOT NULL,
  `menu` varchar(200) DEFAULT NULL,
  `slug` varchar(255) NOT NULL,
  `posisi` int(5) DEFAULT NULL,
  `created_at` datetime DEFAULT current_timestamp()
) ENGINE=InnoDB DEFAULT CHARSET=utf8mb4 COLLATE=utf8mb4_general_ci;

--
-- Dumping data for table `surveys`
--

INSERT INTO `surveys` (`id`, `title`, `menu`, `slug`, `posisi`, `created_at`) VALUES
(3, 'SURVEY PERSEPSI PENGELOLA KAWASAN:  PRAKTEK PENGUMPULAN, PEMROSESAN, DAN ANALISA DATA EIP', 'Pengelola Kawasan', 'survey-persepsi-pengelola-kawasan-praktek-pengumpulan-pemrosesan-dan-analisa-data-eip', 1, '2025-11-11 05:23:47'),
(4, 'SURVEY PERSEPSI PEMERINTAH DALAM PRAKTEK PENGUMPULAN, PEMROSESAN, DAN ANALISA DATA EIP', 'Pemerintah', 'survey-persepsi-pemerintah-dalam-praktek-pengumpulan-pemrosesan-dan-analisa-data-eip', 2, '2025-11-12 08:39:38'),
(5, 'SURVEY PERSEPSI TENANT DALAM PRAKTIK PENGUMPULAN, PEMROSESAN, DAN ANALISA DATA EIP', 'Tenant', 'survey-persepsi-tenant-dalam-praktik-pengumpulan-pemrosesan-dan-analisa-data-eip', 3, '2025-11-14 13:10:07'),
(6, 'SURVEY PERSEPSI HRD DALAM PRAKTEK PENGUMPULAN, PEMROSESAN, DAN ANALISA DATA EIP', 'HRD', 'survey-persepsi-hrd-dalam-praktek-pengumpulan-pemrosesan-dan-analisa-data-eip', 4, '2025-11-14 13:45:15');

-- --------------------------------------------------------

--
-- Table structure for table `users`
--

CREATE TABLE `users` (
  `id` int(11) NOT NULL,
  `username` varchar(100) NOT NULL,
  `password` text NOT NULL,
  `ket` text DEFAULT NULL,
  `name` varchar(100) NOT NULL,
  `created_at` datetime DEFAULT current_timestamp()
) ENGINE=InnoDB DEFAULT CHARSET=utf8mb4 COLLATE=utf8mb4_general_ci;

--
-- Dumping data for table `users`
--

INSERT INTO `users` (`id`, `username`, `password`, `ket`, `name`, `created_at`) VALUES
(2, 'admin', '904cc9bce47a943656f76497ab8c378e', 'eipad123pppvi?', 'admnin EIP', '2025-11-13 13:28:28');

--
-- Indexes for dumped tables
--

--
-- Indexes for table `answers`
--
ALTER TABLE `answers`
  ADD PRIMARY KEY (`id`),
  ADD KEY `response_id` (`response_id`),
  ADD KEY `question_id` (`question_id`);

--
-- Indexes for table `questions`
--
ALTER TABLE `questions`
  ADD PRIMARY KEY (`id`),
  ADD KEY `survey_id` (`survey_id`);

--
-- Indexes for table `responses`
--
ALTER TABLE `responses`
  ADD PRIMARY KEY (`id`);

--
-- Indexes for table `surveys`
--
ALTER TABLE `surveys`
  ADD PRIMARY KEY (`id`);

--
-- Indexes for table `users`
--
ALTER TABLE `users`
  ADD PRIMARY KEY (`id`);

--
-- AUTO_INCREMENT for dumped tables
--

--
-- AUTO_INCREMENT for table `answers`
--
ALTER TABLE `answers`
  MODIFY `id` int(11) NOT NULL AUTO_INCREMENT, AUTO_INCREMENT=636;

--
-- AUTO_INCREMENT for table `questions`
--
ALTER TABLE `questions`
  MODIFY `id` int(11) NOT NULL AUTO_INCREMENT, AUTO_INCREMENT=168;

--
-- AUTO_INCREMENT for table `responses`
--
ALTER TABLE `responses`
  MODIFY `id` int(11) NOT NULL AUTO_INCREMENT, AUTO_INCREMENT=99;

--
-- AUTO_INCREMENT for table `surveys`
--
ALTER TABLE `surveys`
  MODIFY `id` int(11) NOT NULL AUTO_INCREMENT, AUTO_INCREMENT=7;

--
-- AUTO_INCREMENT for table `users`
--
ALTER TABLE `users`
  MODIFY `id` int(11) NOT NULL AUTO_INCREMENT, AUTO_INCREMENT=3;

--
-- Constraints for dumped tables
--

--
-- Constraints for table `answers`
--
ALTER TABLE `answers`
  ADD CONSTRAINT `answers_ibfk_1` FOREIGN KEY (`response_id`) REFERENCES `responses` (`id`) ON DELETE CASCADE,
  ADD CONSTRAINT `answers_ibfk_2` FOREIGN KEY (`question_id`) REFERENCES `questions` (`id`) ON DELETE CASCADE;

--
-- Constraints for table `questions`
--
ALTER TABLE `questions`
  ADD CONSTRAINT `questions_ibfk_1` FOREIGN KEY (`survey_id`) REFERENCES `surveys` (`id`) ON DELETE CASCADE;
COMMIT;

/*!40101 SET CHARACTER_SET_CLIENT=@OLD_CHARACTER_SET_CLIENT */;
/*!40101 SET CHARACTER_SET_RESULTS=@OLD_CHARACTER_SET_RESULTS */;
/*!40101 SET COLLATION_CONNECTION=@OLD_COLLATION_CONNECTION */;
